lon,lat,urban_class
74.15337427345808,31.642459710662045,3
74.16439833861433,31.642459710662045,3
74.17542240377057,31.642459710662045,3
74.18644646892682,31.642459710662045,3
74.19747053408307,31.642459710662045,3
74.2084945992393,31.642459710662045,3
74.21951866439554,31.642459710662045,2
74.23054272955179,31.642459710662045,2
74.24156679470802,31.642459710662045,3
74.25259085986427,31.642459710662045,3
74.26361492502052,31.642459710662045,3
74.27463899017675,31.642459710662045,3
74.28566305533299,31.642459710662045,3
74.29668712048924,31.642459710662045,3
74.30771118564547,31.642459710662045,3
74.31873525080172,31.642459710662045,1
74.32975931595796,31.642459710662045,1
74.34078338111419,31.642459710662045,1
74.35180744627044,31.642459710662045,1
74.36283151142668,31.642459710662045,2
74.37385557658291,31.642459710662045,2
74.38487964173916,31.642459710662045,2
74.39590370689541,31.642459710662045,2
74.40692777205163,31.642459710662045,2
74.41795183720788,31.642459710662045,2
74.42897590236413,31.642459710662045,2
74.43999996752036,31.642459710662045,2
74.45102403267661,31.642459710662045,3
74.46204809783286,31.642459710662045,3
74.47307216298908,31.642459710662045,3
74.48409622814533,31.642459710662045,3
74.49512029330158,31.642459710662045,3
74.50614435845782,31.642459710662045,3
74.51716842361407,31.642459710662045,2
74.52819248877032,31.642459710662045,1
74.53921655392654,31.642459710662045,1
74.16013134602497,31.633861541159558,3
74.17115477691995,31.633861541159558,3
74.18217820781494,31.633861541159558,3
74.19320163870992,31.633861541159558,3
74.20422506960492,31.633861541159558,3
74.21524850049988,31.633861541159558,3
74.22627193139488,31.633861541159558,3
74.23729536228987,31.633861541159558,3
74.24831879318486,31.633861541159558,3
74.25934222407986,31.633861541159558,3
74.27036565497484,31.633861541159558,3
74.28138908586982,31.633861541159558,3
74.2924125167648,31.633861541159558,3
74.30343594765979,31.633861541159558,3
74.31445937855477,31.633861541159558,3
74.32548280944977,31.633861541159558,1
74.33650624034475,31.633861541159558,1
74.34752967123974,31.633861541159558,2
74.35855310213474,31.633861541159558,2
74.36957653302971,31.633861541159558,2
74.38059996392471,31.633861541159558,2
74.39162339481969,31.633861541159558,2
74.40264682571467,31.633861541159558,1
74.41367025660965,31.633861541159558,2
74.42469368750466,31.633861541159558,2
74.43571711839964,31.633861541159558,1
74.44674054929463,31.633861541159558,3
74.45776398018963,31.633861541159558,3
74.46878741108459,31.633861541159558,3
74.47981084197957,31.633861541159558,3
74.49083427287457,31.633861541159558,3
74.50185770376956,31.633861541159558,3
74.51288113466455,31.633861541159558,2
74.52390456555955,31.633861541159558,2
74.53492799645451,31.633861541159558,2
74.54595142734951,31.633861541159558,1
74.15586620220218,31.62526367187449,2
74.16688899911072,31.62526367187449,2
74.17791179601926,31.62526367187449,2
74.18893459292781,31.62526367187449,2
74.19995738983634,31.62526367187449,2
74.21098018674488,31.62526367187449,3
74.22200298365343,31.62526367187449,3
74.23302578056196,31.62526367187449,3
74.24404857747051,31.62526367187449,3
74.25507137437904,31.62526367187449,3
74.26609417128759,31.62526367187449,3
74.27711696819611,31.62526367187449,3
74.28813976510466,31.62526367187449,3
74.29916256201321,31.62526367187449,3
74.31018535892174,31.62526367187449,3
74.32120815583029,31.62526367187449,3
74.33223095273881,31.62526367187449,1
74.34325374964736,31.62526367187449,2
74.3542765465559,31.62526367187449,2
74.36529934346444,31.62526367187449,2
74.37632214037298,31.62526367187449,1
74.38734493728153,31.62526367187449,2
74.39836773419006,31.62526367187449,2
74.4093905310986,31.62526367187449,1
74.42041332800714,31.62526367187449,2
74.43143612491568,31.62526367187449,3
74.44245892182423,31.62526367187449,3
74.45348171873276,31.62526367187449,3
74.4645045156413,31.62526367187449,3
74.47552731254983,31.62526367187449,3
74.48655010945838,31.62526367187449,3
74.49757290636691,31.62526367187449,3
74.50859570327546,31.62526367187449,2
74.51961850018401,31.62526367187449,1
74.53064129709253,31.62526367187449,1
74.54166409400108,31.62526367187449,2
74.15160290635852,31.616666102687404,1
74.16262506955532,31.616666102687404,2
74.1736472327521,31.616666102687404,1
74.18466939594889,31.616666102687404,1
74.19569155914567,31.616666102687404,1
74.20671372234243,31.616666102687404,2
74.21773588553923,31.616666102687404,3
74.22875804873601,31.616666102687404,3
74.2397802119328,31.616666102687404,3
74.25080237512958,31.616666102687404,3
74.26182453832637,31.616666102687404,3
74.27284670152314,31.616666102687404,3
74.28386886471992,31.616666102687404,3
74.2948910279167,31.616666102687404,3
74.30591319111349,31.616666102687404,3
74.31693535431027,31.616666102687404,3
74.32795751750706,31.616666102687404,3
74.33897968070383,31.616666102687404,3
74.35000184390061,31.616666102687404,3
74.3610240070974,31.616666102687404,3
74.3720461702942,31.616666102687404,3
74.38306833349098,31.616666102687404,3
74.39409049668775,31.616666102687404,3
74.40511265988454,31.616666102687404,3
74.41613482308131,31.616666102687404,3
74.4271569862781,31.616666102687404,3
74.43817914947489,31.616666102687404,3
74.44920131267168,31.616666102687404,3
74.46022347586845,31.616666102687404,3
74.47124563906523,31.616666102687404,3
74.48226780226203,31.616666102687404,3
74.49328996545881,31.616666102687404,3
74.50431212865558,31.616666102687404,3
74.51533429185237,31.616666102687404,2
74.52635645504915,31.616666102687404,1
74.53737861824594,31.616666102687404,2
74.54840078144272,31.616666102687404,1
74.15836298746669,31.608068833478946,2
74.16938451722629,31.608068833478946,1
74.1804060469859,31.608068833478946,2
74.1914275767455,31.608068833478946,1
74.20244910650509,31.608068833478946,1
74.21347063626469,31.608068833478946,3
74.22449216602429,31.608068833478946,3
74.2355136957839,31.608068833478946,3
74.2465352255435,31.608068833478946,3
74.2575567553031,31.608068833478946,3
74.26857828506269,31.608068833478946,3
74.27959981482229,31.608068833478946,3
74.2906213445819,31.608068833478946,3
74.3016428743415,31.608068833478946,3
74.3126644041011,31.608068833478946,3
74.32368593386069,31.608068833478946,3
74.33470746362029,31.608068833478946,3
74.34572899337988,31.608068833478946,3
74.35675052313948,31.608068833478946,3
74.36777205289908,31.608068833478946,3
74.37879358265869,31.608068833478946,3
74.38981511241828,31.608068833478946,3
74.40083664217788,31.608068833478946,3
74.41185817193748,31.608068833478946,3
74.42287970169708,31.608068833478946,3
74.43390123145669,31.608068833478946,3
74.44492276121629,31.608068833478946,3
74.45594429097588,31.608068833478946,3
74.46696582073548,31.608068833478946,3
74.47798735049508,31.608068833478946,3
74.48900888025469,31.608068833478946,3
74.50003041001429,31.608068833478946,3
74.51105193977389,31.608068833478946,3
74.52207346953348,31.608068833478946,2
74.53309499929308,31.608068833478946,2
74.54411652905269,31.608068833478946,2
74.15410275205844,31.59947186412979,2
74.16512364865531,31.59947186412979,1
74.17614454525219,31.59947186412979,2
74.18716544184906,31.59947186412979,1
74.19818633844592,31.59947186412979,2
74.2092072350428,31.59947186412979,3
74.22022813163967,31.59947186412979,3
74.23124902823655,31.59947186412979,3
74.24226992483342,31.59947186412979,3
74.2532908214303,31.59947186412979,3
74.26431171802714,31.59947186412979,3
74.27533261462402,31.59947186412979,3
74.2863535112209,31.59947186412979,3
74.29737440781777,31.59947186412979,3
74.30839530441465,31.59947186412979,3
74.31941620101152,31.59947186412979,3
74.3304370976084,31.59947186412979,3
74.34145799420527,31.59947186412979,3
74.35247889080215,31.59947186412979,3
74.36349978739902,31.59947186412979,3
74.3745206839959,31.59947186412979,3
74.38554158059276,31.59947186412979,3
74.39656247718963,31.59947186412979,3
74.40758337378651,31.59947186412979,3
74.41860427038338,31.59947186412979,3
74.42962516698026,31.59947186412979,3
74.44064606357713,31.59947186412979,3
74.45166696017398,31.59947186412979,3
74.46268785677086,31.59947186412979,3
74.47370875336773,31.59947186412979,3
74.4847296499646,31.59947186412979,3
74.4957505465615,31.59947186412979,3
74.50677144315837,31.59947186412979,3
74.51779233975523,31.59947186412979,3
74.52881323635211,31.59947186412979,3
74.53983413294898,31.59947186412979,3
74.16086462625312,31.590875194520613,1
74.1718848899616,31.590875194520613,2
74.18290515367009,31.590875194520613,2
74.19392541737857,31.590875194520613,1
74.20494568108705,31.590875194520613,3
74.21596594479554,31.590875194520613,3
74.22698620850403,31.590875194520613,3
74.23800647221252,31.590875194520613,3
74.249026735921,31.590875194520613,3
74.26004699962948,31.590875194520613,3
74.27106726333797,31.590875194520613,3
74.28208752704646,31.590875194520613,3
74.29310779075495,31.590875194520613,3
74.30412805446343,31.590875194520613,3
74.31514831817191,31.590875194520613,3
74.32616858188038,31.590875194520613,3
74.33718884558888,31.590875194520613,3
74.34820910929737,31.590875194520613,3
74.35922937300586,31.590875194520613,3
74.37024963671435,31.590875194520613,3
74.38126990042281,31.590875194520613,3
74.3922901641313,31.590875194520613,3
74.4033104278398,31.590875194520613,3
74.41433069154829,31.590875194520613,3
74.42535095525677,31.590875194520613,3
74.43637121896526,31.590875194520613,3
74.44739148267372,31.590875194520613,3
74.45841174638223,31.590875194520613,3
74.46943201009071,31.590875194520613,3
74.4804522737992,31.590875194520613,3
74.49147253750769,31.590875194520613,3
74.50249280121616,31.590875194520613,3
74.51351306492464,31.590875194520613,3
74.52453332863314,31.590875194520613,3
74.53555359234163,31.590875194520613,3
74.54657385605012,31.590875194520613,3
74.15660744923427,31.582278824532192,2
74.16762708032861,31.582278824532192,1
74.17864671142293,31.582278824532192,1
74.18966634251723,31.582278824532192,2
74.20068597361157,31.582278824532192,3
74.21170560470588,31.582278824532192,3
74.22272523580021,31.582278824532192,2
74.23374486689454,31.582278824532192,2
74.24476449798885,31.582278824532192,3
74.25578412908317,31.582278824532192,3
74.2668037601775,31.582278824532192,3
74.27782339127181,31.582278824532192,3
74.28884302236614,31.582278824532192,3
74.29986265346047,31.582278824532192,3
74.31088228455478,31.582278824532192,3
74.3219019156491,31.582278824532192,3
74.3329215467434,31.582278824532192,3
74.34394117783775,31.582278824532192,3
74.35496080893206,31.582278824532192,3
74.36598044002639,31.582278824532192,3
74.3770000711207,31.582278824532192,3
74.38801970221502,31.582278824532192,3
74.39903933330933,31.582278824532192,3
74.41005896440367,31.582278824532192,3
74.42107859549799,31.582278824532192,3
74.43209822659232,31.582278824532192,3
74.44311785768663,31.582278824532192,3
74.45413748878094,31.582278824532192,3
74.46515711987527,31.582278824532192,3
74.4761767509696,31.582278824532192,3
74.48719638206391,31.582278824532192,3
74.49821601315824,31.582278824532192,3
74.50923564425256,31.582278824532192,3
74.52025527534688,31.582278824532192,3
74.5312749064412,31.582278824532192,2
74.54229453753553,31.582278824532192,2
74.15235211681393,31.573682754045326,2
74.16337111556821,31.573682754045326,2
74.17439011432246,31.573682754045326,2
74.18540911307672,31.573682754045326,3
74.19642811183098,31.573682754045326,3
74.20744711058525,31.573682754045326,2
74.21846610933952,31.573682754045326,2
74.22948510809378,31.573682754045326,2
74.24050410684805,31.573682754045326,2
74.25152310560229,31.573682754045326,3
74.26254210435656,31.573682754045326,3
74.27356110311084,31.573682754045326,3
74.28458010186509,31.573682754045326,3
74.29559910061936,31.573682754045326,3
74.30661809937361,31.573682754045326,3
74.31763709812788,31.573682754045326,3
74.32865609688214,31.573682754045326,3
74.33967509563641,31.573682754045326,3
74.35069409439068,31.573682754045326,3
74.36171309314493,31.573682754045326,3
74.37273209189918,31.573682754045326,3
74.38375109065346,31.573682754045326,3
74.39477008940771,31.573682754045326,3
74.405789088162,31.573682754045326,3
74.41680808691625,31.573682754045326,3
74.42782708567051,31.573682754045326,3
74.43884608442477,31.573682754045326,3
74.44986508317903,31.573682754045326,3
74.4608840819333,31.573682754045326,3
74.47190308068755,31.573682754045326,3
74.48292207944183,31.573682754045326,3
74.4939410781961,31.573682754045326,3
74.50496007695034,31.573682754045326,3
74.51597907570462,31.573682754045326,2
74.52699807445887,31.573682754045326,2
74.53801707321314,31.573682754045326,2
74.54903607196742,31.573682754045326,2
74.15911699489597,31.56508698294083,2
74.17013536158417,31.56508698294083,2
74.18115372827235,31.56508698294083,2
74.19217209496055,31.56508698294083,3
74.20319046164876,31.56508698294083,2
74.21420882833695,31.56508698294083,2
74.22522719502514,31.56508698294083,1
74.23624556171335,31.56508698294083,2
74.24726392840152,31.56508698294083,2
74.25828229508973,31.56508698294083,3
74.26930066177792,31.56508698294083,3
74.28031902846611,31.56508698294083,3
74.29133739515432,31.56508698294083,3
74.30235576184249,31.56508698294083,3
74.3133741285307,31.56508698294083,3
74.3243924952189,31.56508698294083,3
74.33541086190709,31.56508698294083,3
74.34642922859528,31.56508698294083,3
74.35744759528349,31.56508698294083,3
74.36846596197167,31.56508698294083,3
74.37948432865987,31.56508698294083,3
74.39050269534806,31.56508698294083,3
74.40152106203627,31.56508698294083,3
74.41253942872446,31.56508698294083,3
74.42355779541265,31.56508698294083,3
74.43457616210084,31.56508698294083,3
74.44559452878903,31.56508698294083,3
74.45661289547724,31.56508698294083,3
74.46763126216544,31.56508698294083,3
74.47864962885362,31.56508698294083,3
74.48966799554182,31.56508698294083,2
74.50068636223001,31.56508698294083,2
74.5117047289182,31.56508698294083,2
74.52272309560641,31.56508698294083,2
74.5337414622946,31.56508698294083,2
74.54475982898279,31.56508698294083,2
74.15486471752806,31.556491511099598,2
74.16588245242406,31.556491511099598,2
74.17690018732006,31.556491511099598,2
74.18791792221606,31.556491511099598,2
74.19893565711206,31.556491511099598,1
74.20995339200806,31.556491511099598,1
74.22097112690406,31.556491511099598,2
74.23198886180006,31.556491511099598,1
74.24300659669606,31.556491511099598,2
74.25402433159206,31.556491511099598,3
74.26504206648806,31.556491511099598,3
74.27605980138406,31.556491511099598,3
74.28707753628007,31.556491511099598,3
74.29809527117605,31.556491511099598,3
74.30911300607205,31.556491511099598,3
74.32013074096805,31.556491511099598,3
74.33114847586405,31.556491511099598,3
74.34216621076007,31.556491511099598,3
74.35318394565607,31.556491511099598,3
74.36420168055206,31.556491511099598,3
74.37521941544806,31.556491511099598,3
74.38623715034406,31.556491511099598,3
74.39725488524006,31.556491511099598,3
74.40827262013606,31.556491511099598,3
74.41929035503206,31.556491511099598,3
74.43030808992805,31.556491511099598,3
74.44132582482405,31.556491511099598,3
74.45234355972006,31.556491511099598,3
74.46336129461606,31.556491511099598,3
74.47437902951206,31.556491511099598,1
74.48539676440807,31.556491511099598,2
74.49641449930405,31.556491511099598,2
74.50743223420005,31.556491511099598,2
74.51844996909605,31.556491511099598,2
74.52946770399205,31.556491511099598,2
74.54048543888807,31.556491511099598,2
74.15061428268113,31.547896338402563,2
74.1616313860587,31.547896338402563,2
74.17264848943627,31.547896338402563,2
74.18366559281382,31.547896338402563,2
74.19468269619139,31.547896338402563,1
74.20569979956895,31.547896338402563,1
74.21671690294652,31.547896338402563,1
74.22773400632408,31.547896338402563,1
74.23875110970162,31.547896338402563,1
74.2497682130792,31.547896338402563,3
74.26078531645676,31.547896338402563,3
74.27180241983433,31.547896338402563,3
74.2828195232119,31.547896338402563,3
74.29383662658944,31.547896338402563,3
74.30485372996701,31.547896338402563,3
74.31587083334456,31.547896338402563,3
74.32688793672213,31.547896338402563,3
74.3379050400997,31.547896338402563,3
74.34892214347725,31.547896338402563,3
74.35993924685481,31.547896338402563,3
74.37095635023238,31.547896338402563,3
74.38197345360994,31.547896338402563,3
74.39299055698751,31.547896338402563,3
74.40400766036507,31.547896338402563,3
74.41502476374264,31.547896338402563,3
74.42604186712018,31.547896338402563,3
74.43705897049774,31.547896338402563,3
74.44807607387531,31.547896338402563,3
74.45909317725287,31.547896338402563,3
74.47011028063044,31.547896338402563,1
74.481127384008,31.547896338402563,2
74.49214448738556,31.547896338402563,2
74.50316159076313,31.547896338402563,2
74.51417869414068,31.547896338402563,2
74.52519579751825,31.547896338402563,2
74.53621290089582,31.547896338402563,2
74.54723000427337,31.547896338402563,1
74.15738216170527,31.53930146473066,2
74.16839863383801,31.53930146473066,2
74.17941510597079,31.53930146473066,2
74.19043157810356,31.53930146473066,1
74.20144805023632,31.53930146473066,1
74.21246452236909,31.53930146473066,1
74.22348099450186,31.53930146473066,1
74.23449746663461,31.53930146473066,1
74.24551393876737,31.53930146473066,2
74.25653041090014,31.53930146473066,3
74.2675468830329,31.53930146473066,3
74.27856335516567,31.53930146473066,3
74.28957982729843,31.53930146473066,3
74.30059629943119,31.53930146473066,3
74.31161277156396,31.53930146473066,3
74.32262924369672,31.53930146473066,3
74.33364571582949,31.53930146473066,3
74.34466218796226,31.53930146473066,3
74.35567866009502,31.53930146473066,3
74.36669513222779,31.53930146473066,3
74.37771160436056,31.53930146473066,3
74.38872807649332,31.53930146473066,3
74.39974454862609,31.53930146473066,3
74.41076102075886,31.53930146473066,3
74.42177749289161,31.53930146473066,3
74.43279396502437,31.53930146473066,3
74.44381043715714,31.53930146473066,3
74.4548269092899,31.53930146473066,3
74.46584338142267,31.53930146473066,3
74.47685985355544,31.53930146473066,2
74.48787632568819,31.53930146473066,2
74.49889279782096,31.53930146473066,2
74.50990926995374,31.53930146473066,1
74.5209257420865,31.53930146473066,2
74.53194221421927,31.53930146473066,2
74.54295868635204,31.53930146473066,2
74.15313477858146,31.530706889964932,2
74.16415061974294,31.530706889964932,1
74.17516646090444,31.530706889964932,2
74.18618230206593,31.530706889964932,2
74.19719814322741,31.530706889964932,1
74.2082139843889,31.530706889964932,1
74.21922982555041,31.530706889964932,1
74.23024566671188,31.530706889964932,1
74.24126150787339,31.530706889964932,2
74.25227734903488,31.530706889964932,3
74.26329319019638,31.530706889964932,3
74.27430903135786,31.530706889964932,3
74.28532487251934,31.530706889964932,3
74.29634071368083,31.530706889964932,3
74.30735655484233,31.530706889964932,3
74.31837239600382,31.530706889964932,3
74.32938823716532,31.530706889964932,3
74.34040407832683,31.530706889964932,3
74.35141991948831,31.530706889964932,3
74.36243576064979,31.530706889964932,3
74.37345160181128,31.530706889964932,3
74.38446744297278,31.530706889964932,3
74.39548328413427,31.530706889964932,3
74.40649912529577,31.530706889964932,3
74.41751496645725,31.530706889964932,3
74.42853080761874,31.530706889964932,3
74.43954664878024,31.530706889964932,3
74.45056248994173,31.530706889964932,3
74.46157833110323,31.530706889964932,3
74.47259417226472,31.530706889964932,2
74.4836100134262,31.530706889964932,2
74.4946258545877,31.530706889964932,2
74.50564169574919,31.530706889964932,1
74.51665753691069,31.530706889964932,1
74.52767337807217,31.530706889964932,2
74.53868921923366,31.530706889964932,2
74.54970506039514,31.530706889964932,2
74.15990444636917,31.52211261398639,1
74.17091965683278,31.52211261398639,1
74.18193486729642,31.52211261398639,2
74.19295007776005,31.52211261398639,2
74.20396528822369,31.52211261398639,1
74.21498049868731,31.52211261398639,1
74.22599570915092,31.52211261398639,1
74.23701091961455,31.52211261398639,1
74.24802613007817,31.52211261398639,1
74.25904134054181,31.52211261398639,3
74.27005655100544,31.52211261398639,3
74.28107176146906,31.52211261398639,3
74.29208697193268,31.52211261398639,3
74.30310218239632,31.52211261398639,3
74.31411739285994,31.52211261398639,3
74.32513260332357,31.52211261398639,3
74.3361478137872,31.52211261398639,3
74.34716302425082,31.52211261398639,3
74.35817823471444,31.52211261398639,3
74.36919344517807,31.52211261398639,3
74.38020865564171,31.52211261398639,3
74.39122386610534,31.52211261398639,3
74.40223907656896,31.52211261398639,3
74.41325428703259,31.52211261398639,3
74.4242694974962,31.52211261398639,3
74.43528470795984,31.52211261398639,3
74.44629991842346,31.52211261398639,3
74.4573151288871,31.52211261398639,3
74.46833033935073,31.52211261398639,3
74.47934554981434,31.52211261398639,2
74.49036076027797,31.52211261398639,1
74.5013759707416,31.52211261398639,2
74.51239118120523,31.52211261398639,2
74.52340639166886,31.52211261398639,1
74.5344216021325,31.52211261398639,2
74.5454368125961,31.52211261398639,2
74.15566011293538,31.51351863667615,2
74.16667469297444,31.51351863667615,1
74.1776892730135,31.51351863667615,2
74.18870385305256,31.51351863667615,2
74.19971843309162,31.51351863667615,1
74.21073301313068,31.51351863667615,1
74.22174759316972,31.51351863667615,1
74.23276217320878,31.51351863667615,1
74.24377675324783,31.51351863667615,2
74.25479133328689,31.51351863667615,3
74.26580591332595,31.51351863667615,3
74.276820493365,31.51351863667615,3
74.28783507340404,31.51351863667615,3
74.2988496534431,31.51351863667615,3
74.30986423348216,31.51351863667615,3
74.32087881352122,31.51351863667615,3
74.33189339356026,31.51351863667615,3
74.34290797359931,31.51351863667615,3
74.35392255363837,31.51351863667615,3
74.36493713367743,31.51351863667615,3
74.37595171371649,31.51351863667615,3
74.38696629375553,31.51351863667615,3
74.39798087379461,31.51351863667615,3
74.40899545383364,31.51351863667615,3
74.4200100338727,31.51351863667615,3
74.43102461391176,31.51351863667615,3
74.44203919395082,31.51351863667615,3
74.45305377398988,31.51351863667615,3
74.46406835402894,31.51351863667615,3
74.47508293406797,31.51351863667615,3
74.48609751410703,31.51351863667615,3
74.49711209414609,31.51351863667615,3
74.50812667418515,31.51351863667615,3
74.5191412542242,31.51351863667615,1
74.53015583426325,31.51351863667615,2
74.5411704143023,31.51351863667615,2
74.15141761866094,31.504924957915346,2
74.1624315685486,31.504924957915346,2
74.17344551843627,31.504924957915346,2
74.18445946832394,31.504924957915346,1
74.19547341821158,31.504924957915346,1
74.20648736809925,31.504924957915346,1
74.2175013179869,31.504924957915346,1
74.22851526787456,31.504924957915346,1
74.23952921776223,31.504924957915346,3
74.25054316764988,31.504924957915346,3
74.26155711753754,31.504924957915346,3
74.27257106742519,31.504924957915346,3
74.28358501731284,31.504924957915346,3
74.2945989672005,31.504924957915346,3
74.30561291708817,31.504924957915346,3
74.31662686697582,31.504924957915346,3
74.3276408168635,31.504924957915346,3
74.33865476675115,31.504924957915346,3
74.34966871663879,31.504924957915346,3
74.36068266652646,31.504924957915346,3
74.37169661641413,31.504924957915346,3
74.38271056630178,31.504924957915346,3
74.39372451618944,31.504924957915346,3
74.40473846607709,31.504924957915346,3
74.41575241596475,31.504924957915346,3
74.42676636585242,31.504924957915346,3
74.43778031574007,31.504924957915346,3
74.44879426562773,31.504924957915346,3
74.4598082155154,31.504924957915346,3
74.47082216540304,31.504924957915346,3
74.4818361152907,31.504924957915346,3
74.49285006517836,31.504924957915346,3
74.50386401506603,31.504924957915346,3
74.51487796495368,31.504924957915346,1
74.52589191484135,31.504924957915346,1
74.53690586472898,31.504924957915346,2
74.54791981461665,31.504924957915346,1
74.15819028277497,31.49633157758514,2
74.16920360278428,31.49633157758514,1
74.1802169227936,31.49633157758514,1
74.19123024280293,31.49633157758514,1
74.20224356281226,31.49633157758514,1
74.21325688282157,31.49633157758514,1
74.2242702028309,31.49633157758514,2
74.23528352284022,31.49633157758514,3
74.24629684284955,31.49633157758514,3
74.25731016285886,31.49633157758514,3
74.26832348286818,31.49633157758514,3
74.2793368028775,31.49633157758514,3
74.29035012288684,31.49633157758514,3
74.30136344289615,31.49633157758514,3
74.31237676290549,31.49633157758514,3
74.3233900829148,31.49633157758514,3
74.33440340292412,31.49633157758514,3
74.34541672293344,31.49633157758514,3
74.35643004294276,31.49633157758514,3
74.36744336295209,31.49633157758514,3
74.37845668296141,31.49633157758514,3
74.38947000297075,31.49633157758514,3
74.40048332298005,31.49633157758514,3
74.41149664298938,31.49633157758514,3
74.4225099629987,31.49633157758514,3
74.43352328300803,31.49633157758514,3
74.44453660301735,31.49633157758514,3
74.45554992302668,31.49633157758514,3
74.46656324303599,31.49633157758514,3
74.47757656304532,31.49633157758514,3
74.48858988305464,31.49633157758514,3
74.49960320306397,31.49633157758514,3
74.51061652307328,31.49633157758514,2
74.52162984308262,31.49633157758514,2
74.53264316309192,31.49633157758514,2
74.54365648310126,31.49633157758514,2
74.15395083487375,31.48773849556675,2
74.1649635252777,31.48773849556675,1
74.17597621568163,31.48773849556675,1
74.18698890608556,31.48773849556675,1
74.1980015964895,31.48773849556675,1
74.20901428689342,31.48773849556675,1
74.22002697729737,31.48773849556675,1
74.23103966770128,31.48773849556675,3
74.24205235810523,31.48773849556675,3
74.25306504850916,31.48773849556675,3
74.26407773891307,31.48773849556675,3
74.275090429317,31.48773849556675,3
74.28610311972095,31.48773849556675,3
74.29711581012488,31.48773849556675,3
74.30812850052881,31.48773849556675,3
74.31914119093275,31.48773849556675,3
74.33015388133667,31.48773849556675,3
74.3411665717406,31.48773849556675,3
74.35217926214453,31.48773849556675,3
74.36319195254848,31.48773849556675,3
74.37420464295239,31.48773849556675,3
74.38521733335634,31.48773849556675,3
74.39623002376025,31.48773849556675,3
74.4072427141642,31.48773849556675,3
74.41825540456813,31.48773849556675,3
74.42926809497206,31.48773849556675,3
74.440280785376,31.48773849556675,3
74.45129347577992,31.48773849556675,3
74.46230616618385,31.48773849556675,3
74.47331885658778,31.48773849556675,3
74.48433154699171,31.48773849556675,3
74.49534423739564,31.48773849556675,3
74.50635692779959,31.48773849556675,2
74.51736961820352,31.48773849556675,2
74.52838230860743,31.48773849556675,2
74.53939499901138,31.48773849556675,1
74.1607252851373,31.479145711741452,1
74.17173734620867,31.479145711741452,1
74.18274940728004,31.479145711741452,1
74.19376146835143,31.479145711741452,1
74.20477352942278,31.479145711741452,1
74.21578559049415,31.479145711741452,3
74.22679765156552,31.479145711741452,3
74.23780971263689,31.479145711741452,3
74.24882177370827,31.479145711741452,3
74.25983383477961,31.479145711741452,3
74.270845895851,31.479145711741452,3
74.28185795692237,31.479145711741452,3
74.29287001799374,31.479145711741452,3
74.3038820790651,31.479145711741452,3
74.31489414013649,31.479145711741452,3
74.32590620120783,31.479145711741452,3
74.33691826227921,31.479145711741452,3
74.34793032335058,31.479145711741452,3
74.35894238442195,31.479145711741452,3
74.36995444549332,31.479145711741452,3
74.3809665065647,31.479145711741452,3
74.39197856763604,31.479145711741452,3
74.40299062870743,31.479145711741452,3
74.4140026897788,31.479145711741452,3
74.42501475085017,31.479145711741452,3
74.43602681192154,31.479145711741452,3
74.44703887299292,31.479145711741452,3
74.45805093406426,31.479145711741452,3
74.46906299513564,31.479145711741452,3
74.48007505620701,31.479145711741452,3
74.49108711727838,31.479145711741452,3
74.50209917834975,31.479145711741452,2
74.51311123942114,31.479145711741452,2
74.52412330049249,31.479145711741452,2
74.53513536156386,31.479145711741452,2
74.54614742263523,31.479145711741452,2
74.15648888158432,31.47055322599053,1
74.16750031359585,31.47055322599053,1
74.17851174560738,31.47055322599053,1
74.1895231776189,31.47055322599053,1
74.20053460963041,31.47055322599053,3
74.21154604164192,31.47055322599053,3
74.22255747365344,31.47055322599053,3
74.23356890566497,31.47055322599053,3
74.2445803376765,31.47055322599053,3
74.25559176968801,31.47055322599053,3
74.26660320169952,31.47055322599053,3
74.27761463371104,31.47055322599053,3
74.28862606572257,31.47055322599053,3
74.2996374977341,31.47055322599053,3
74.31064892974562,31.47055322599053,3
74.32166036175713,31.47055322599053,3
74.33267179376865,31.47055322599053,3
74.34368322578017,31.47055322599053,3
74.35469465779168,31.47055322599053,3
74.36570608980321,31.47055322599053,3
74.37671752181474,31.47055322599053,3
74.38772895382625,31.47055322599053,3
74.39874038583777,31.47055322599053,3
74.4097518178493,31.47055322599053,3
74.42076324986081,31.47055322599053,3
74.43177468187234,31.47055322599053,3
74.44278611388387,31.47055322599053,3
74.45379754589537,31.47055322599053,3
74.4648089779069,31.47055322599053,3
74.47582040991843,31.47055322599053,3
74.48683184192993,31.47055322599053,2
74.49784327394146,31.47055322599053,2
74.50885470595298,31.47055322599053,2
74.5198661379645,31.47055322599053,2
74.53087756997601,31.47055322599053,2
74.54188900198754,31.47055322599053,2
74.15225431384063,31.461961038195334,1
74.16326511706491,31.461961038195334,1
74.17427592028919,31.461961038195334,1
74.18528672351346,31.461961038195334,2
74.19629752673771,31.461961038195334,3
74.20730832996199,31.461961038195334,3
74.21831913318626,31.461961038195334,3
74.22932993641054,31.461961038195334,3
74.24034073963479,31.461961038195334,3
74.25135154285906,31.461961038195334,3
74.26236234608334,31.461961038195334,3
74.2733731493076,31.461961038195334,3
74.28438395253187,31.461961038195334,3
74.29539475575613,31.461961038195334,3
74.30640555898042,31.461961038195334,3
74.31741636220467,31.461961038195334,3
74.32842716542893,31.461961038195334,3
74.33943796865321,31.461961038195334,3
74.3504487718775,31.461961038195334,3
74.36145957510176,31.461961038195334,3
74.37247037832603,31.461961038195334,3
74.3834811815503,31.461961038195334,3
74.39449198477456,31.461961038195334,3
74.40550278799883,31.461961038195334,3
74.4165135912231,31.461961038195334,3
74.42752439444737,31.461961038195334,3
74.43853519767165,31.461961038195334,3
74.4495460008959,31.461961038195334,3
74.46055680412017,31.461961038195334,3
74.47156760734444,31.461961038195334,3
74.48257841056872,31.461961038195334,2
74.49358921379299,31.461961038195334,2
74.50460001701725,31.461961038195334,1
74.51561082024152,31.461961038195334,2
74.5266216234658,31.461961038195334,2
74.53763242669005,31.461961038195334,2
74.54864322991433,31.461961038195334,2
74.15903175583814,31.45336914823726,1
74.17004193054765,31.45336914823726,1
74.18105210525715,31.45336914823726,1
74.19206227996665,31.45336914823726,3
74.20307245467615,31.45336914823726,3
74.21408262938566,31.45336914823726,3
74.22509280409515,31.45336914823726,3
74.23610297880465,31.45336914823726,3
74.24711315351414,31.45336914823726,3
74.25812332822365,31.45336914823726,3
74.26913350293316,31.45336914823726,3
74.28014367764264,31.45336914823726,3
74.29115385235215,31.45336914823726,3
74.30216402706165,31.45336914823726,3
74.31317420177115,31.45336914823726,3
74.32418437648064,31.45336914823726,3
74.33519455119016,31.45336914823726,3
74.34620472589965,31.45336914823726,3
74.35721490060915,31.45336914823726,3
74.36822507531866,31.45336914823726,3
74.37923525002815,31.45336914823726,3
74.39024542473766,31.45336914823726,3
74.40125559944714,31.45336914823726,3
74.41226577415665,31.45336914823726,3
74.42327594886616,31.45336914823726,3
74.43428612357566,31.45336914823726,3
74.44529629828514,31.45336914823726,3
74.45630647299465,31.45336914823726,3
74.46731664770415,31.45336914823726,3
74.47832682241365,31.45336914823726,2
74.48933699712316,31.45336914823726,2
74.50034717183266,31.45336914823726,2
74.51135734654216,31.45336914823726,1
74.52236752125164,31.45336914823726,2
74.53337769596115,31.45336914823726,2
74.54438787067066,31.45336914823726,2
74.1548002291384,31.444777555997717,1
74.16580977560551,31.444777555997717,1
74.1768193220726,31.444777555997717,2
74.1878288685397,31.444777555997717,3
74.1988384150068,31.444777555997717,3
74.2098479614739,31.444777555997717,3
74.220857507941,31.444777555997717,3
74.2318670544081,31.444777555997717,3
74.24287660087519,31.444777555997717,3
74.25388614734229,31.444777555997717,3
74.26489569380938,31.444777555997717,3
74.27590524027649,31.444777555997717,3
74.2869147867436,31.444777555997717,3
74.29792433321069,31.444777555997717,3
74.30893387967778,31.444777555997717,3
74.31994342614487,31.444777555997717,3
74.33095297261197,31.444777555997717,3
74.34196251907908,31.444777555997717,3
74.35297206554617,31.444777555997717,3
74.36398161201326,31.444777555997717,3
74.37499115848036,31.444777555997717,3
74.38600070494746,31.444777555997717,3
74.39701025141457,31.444777555997717,3
74.40801979788166,31.444777555997717,3
74.41902934434876,31.444777555997717,3
74.43003889081587,31.444777555997717,3
74.44104843728294,31.444777555997717,3
74.45205798375005,31.444777555997717,3
74.46306753021716,31.444777555997717,3
74.47407707668425,31.444777555997717,3
74.48508662315135,31.444777555997717,2
74.49609616961845,31.444777555997717,2
74.50710571608553,31.444777555997717,2
74.51811526255264,31.444777555997717,2
74.52912480901973,31.444777555997717,2
74.54013435548683,31.444777555997717,2
74.1505705361891,31.436186261358188,1
74.16157945468603,31.436186261358188,1
74.17258837318299,31.436186261358188,3
74.18359729167992,31.436186261358188,3
74.19460621017687,31.436186261358188,3
74.20561512867383,31.436186261358188,3
74.21662404717077,31.436186261358188,3
74.22763296566772,31.436186261358188,3
74.23864188416465,31.436186261358188,3
74.2496508026616,31.436186261358188,3
74.26065972115856,31.436186261358188,3
74.2716686396555,31.436186261358188,3
74.28267755815246,31.436186261358188,3
74.2936864766494,31.436186261358188,3
74.30469539514634,31.436186261358188,3
74.3157043136433,31.436186261358188,3
74.32671323214024,31.436186261358188,3
74.33772215063718,31.436186261358188,3
74.34873106913415,31.436186261358188,3
74.35973998763109,31.436186261358188,3
74.37074890612801,31.436186261358188,3
74.38175782462497,31.436186261358188,3
74.39276674312192,31.436186261358188,3
74.40377566161888,31.436186261358188,3
74.41478458011582,31.436186261358188,3
74.42579349861278,31.436186261358188,3
74.43680241710972,31.436186261358188,3
74.44781133560666,31.436186261358188,3
74.45882025410361,31.436186261358188,3
74.46982917260056,31.436186261358188,3
74.48083809109751,31.436186261358188,3
74.49184700959447,31.436186261358188,3
74.50285592809139,31.436186261358188,2
74.51386484658835,31.436186261358188,1
74.52487376508529,31.436186261358188,2
74.53588268358224,31.436186261358188,2
74.5468916020792,31.436186261358188,2
74.15735096701309,31.427595264200182,2
74.16835925781201,31.427595264200182,3
74.17936754861093,31.427595264200182,3
74.19037583940988,31.427595264200182,3
74.20138413020881,31.427595264200182,3
74.21239242100773,31.427595264200182,3
74.22340071180669,31.427595264200182,3
74.2344090026056,31.427595264200182,3
74.24541729340453,31.427595264200182,3
74.25642558420347,31.427595264200182,3
74.26743387500241,31.427595264200182,3
74.27844216580134,31.427595264200182,3
74.28945045660028,31.427595264200182,3
74.30045874739919,31.427595264200182,3
74.31146703819815,31.427595264200182,3
74.32247532899707,31.427595264200182,3
74.333483619796,31.427595264200182,3
74.34449191059494,31.427595264200182,3
74.35550020139388,31.427595264200182,3
74.36650849219279,31.427595264200182,3
74.37751678299173,31.427595264200182,3
74.38852507379067,31.427595264200182,3
74.3995333645896,31.427595264200182,3
74.41054165538854,31.427595264200182,3
74.42154994618748,31.427595264200182,3
74.4325582369864,31.427595264200182,3
74.44356652778534,31.427595264200182,3
74.45457481858426,31.427595264200182,3
74.4655831093832,31.427595264200182,3
74.47659140018214,31.427595264200182,3
74.48759969098107,31.427595264200182,3
74.49860798178,31.427595264200182,3
74.50961627257894,31.427595264200182,1
74.52062456337787,31.427595264200182,2
74.53163285417679,31.427595264200182,2
74.54264114497575,31.427595264200182,2
74.15312431181104,31.41900456440526,3
74.16413197518398,31.41900456440526,3
74.17513963855691,31.41900456440526,3
74.18614730192985,31.41900456440526,3
74.1971549653028,31.41900456440526,3
74.20816262867574,31.41900456440526,3
74.21917029204869,31.41900456440526,3
74.23017795542161,31.41900456440526,3
74.24118561879455,31.41900456440526,3
74.2521932821675,31.41900456440526,3
74.26320094554045,31.41900456440526,3
74.27420860891338,31.41900456440526,3
74.28521627228632,31.41900456440526,3
74.29622393565926,31.41900456440526,3
74.30723159903219,31.41900456440526,3
74.31823926240514,31.41900456440526,3
74.32924692577808,31.41900456440526,3
74.34025458915102,31.41900456440526,3
74.35126225252397,31.41900456440526,3
74.3622699158969,31.41900456440526,3
74.37327757926982,31.41900456440526,3
74.38428524264278,31.41900456440526,3
74.39529290601573,31.41900456440526,3
74.40630056938866,31.41900456440526,3
74.41730823276161,31.41900456440526,3
74.42831589613454,31.41900456440526,3
74.43932355950747,31.41900456440526,3
74.45033122288042,31.41900456440526,3
74.46133888625337,31.41900456440526,3
74.4723465496263,31.41900456440526,3
74.48335421299925,31.41900456440526,3
74.49436187637218,31.41900456440526,3
74.50536953974512,31.41900456440526,2
74.51637720311805,31.41900456440526,1
74.527384866491,31.41900456440526,1
74.53839252986394,31.41900456440526,1
74.54940019323689,31.41900456440526,2
74.15990652452375,31.410414161854995,3
74.17091356074258,31.410414161854995,3
74.18192059696143,31.410414161854995,3
74.19292763318029,31.410414161854995,3
74.20393466939916,31.410414161854995,3
74.214941705618,31.410414161854995,3
74.22594874183685,31.410414161854995,3
74.2369557780557,31.410414161854995,3
74.24796281427456,31.410414161854995,3
74.25896985049341,31.410414161854995,3
74.26997688671227,31.410414161854995,3
74.28098392293113,31.410414161854995,3
74.29199095914997,31.410414161854995,3
74.30299799536883,31.410414161854995,3
74.31400503158768,31.410414161854995,3
74.32501206780653,31.410414161854995,3
74.33601910402538,31.410414161854995,3
74.34702614024424,31.410414161854995,3
74.3580331764631,31.410414161854995,3
74.36904021268194,31.410414161854995,3
74.3800472489008,31.410414161854995,3
74.39105428511965,31.410414161854995,3
74.40206132133851,31.410414161854995,3
74.41306835755736,31.410414161854995,3
74.4240753937762,31.410414161854995,3
74.43508242999506,31.410414161854995,3
74.44608946621392,31.410414161854995,3
74.45709650243278,31.410414161854995,3
74.46810353865163,31.410414161854995,3
74.47911057487049,31.410414161854995,3
74.49011761108932,31.410414161854995,3
74.50112464730819,31.410414161854995,2
74.51213168352704,31.410414161854995,2
74.5231387197459,31.410414161854995,1
74.53414575596474,31.410414161854995,1
74.5451527921836,31.410414161854995,1
74.15568290505668,31.40182405643106,3
74.16668931439321,31.40182405643106,3
74.17769572372978,31.40182405643106,3
74.18870213306634,31.40182405643106,3
74.1997085424029,31.40182405643106,3
74.21071495173946,31.40182405643106,3
74.221721361076,31.40182405643106,3
74.23272777041257,31.40182405643106,3
74.24373417974913,31.40182405643106,3
74.25474058908569,31.40182405643106,3
74.26574699842224,31.40182405643106,3
74.2767534077588,31.40182405643106,3
74.28775981709535,31.40182405643106,3
74.29876622643191,31.40182405643106,3
74.30977263576848,31.40182405643106,3
74.32077904510503,31.40182405643106,3
74.33178545444159,31.40182405643106,3
74.34279186377816,31.40182405643106,3
74.3537982731147,31.40182405643106,3
74.36480468245125,31.40182405643106,3
74.37581109178782,31.40182405643106,3
74.38681750112438,31.40182405643106,3
74.39782391046093,31.40182405643106,3
74.4088303197975,31.40182405643106,3
74.41983672913405,31.40182405643106,3
74.4308431384706,31.40182405643106,3
74.44184954780717,31.40182405643106,3
74.45285595714373,31.40182405643106,3
74.46386236648029,31.40182405643106,3
74.47486877581684,31.40182405643106,3
74.48587518515339,31.40182405643106,3
74.49688159448995,31.40182405643106,3
74.50788800382652,31.40182405643106,1
74.51889441316307,31.40182405643106,1
74.52990082249963,31.40182405643106,1
74.5409072318362,31.40182405643106,1
74.15146111600875,31.393234248015094,3
74.16246689873466,31.393234248015094,3
74.1734726814606,31.393234248015094,3
74.18447846418655,31.393234248015094,3
74.19548424691249,31.393234248015094,3
74.20649002963843,31.393234248015094,3
74.21749581236436,31.393234248015094,3
74.2285015950903,31.393234248015094,3
74.23950737781622,31.393234248015094,3
74.25051316054218,31.393234248015094,3
74.26151894326811,31.393234248015094,3
74.27252472599406,31.393234248015094,3
74.28353050871999,31.393234248015094,3
74.29453629144592,31.393234248015094,3
74.30554207417185,31.393234248015094,3
74.31654785689781,31.393234248015094,3
74.32755363962374,31.393234248015094,3
74.33855942234969,31.393234248015094,3
74.34956520507562,31.393234248015094,3
74.36057098780155,31.393234248015094,3
74.37157677052748,31.393234248015094,3
74.38258255325344,31.393234248015094,3
74.39358833597937,31.393234248015094,3
74.40459411870532,31.393234248015094,3
74.41559990143125,31.393234248015094,3
74.42660568415718,31.393234248015094,3
74.43761146688313,31.393234248015094,3
74.44861724960907,31.393234248015094,3
74.459623032335,31.393234248015094,2
74.47062881506095,31.393234248015094,2
74.48163459778688,31.393234248015094,2
74.49264038051281,31.393234248015094,2
74.50364616323876,31.393234248015094,2
74.5146519459647,31.393234248015094,2
74.52565772869063,31.393234248015094,2
74.53666351141658,31.393234248015094,2
74.54766929414251,31.393234248015094,2
74.15824631299333,31.38464473648884,3
74.16925146938021,31.38464473648884,3
74.18025662576709,31.38464473648884,3
74.19126178215397,31.38464473648884,3
74.20226693854086,31.38464473648884,3
74.21327209492773,31.38464473648884,3
74.2242772513146,31.38464473648884,3
74.23528240770149,31.38464473648884,3
74.24628756408838,31.38464473648884,3
74.25729272047525,31.38464473648884,3
74.26829787686214,31.38464473648884,3
74.279303033249,31.38464473648884,3
74.29030818963588,31.38464473648884,3
74.30131334602277,31.38464473648884,3
74.31231850240965,31.38464473648884,3
74.32332365879654,31.38464473648884,3
74.33432881518343,31.38464473648884,3
74.34533397157028,31.38464473648884,3
74.35633912795717,31.38464473648884,3
74.36734428434406,31.38464473648884,3
74.37834944073094,31.38464473648884,3
74.38935459711782,31.38464473648884,3
74.4003597535047,31.38464473648884,3
74.41136490989157,31.38464473648884,3
74.42237006627846,31.38464473648884,1
74.43337522266535,31.38464473648884,1
74.44438037905222,31.38464473648884,2
74.45538553543909,31.38464473648884,1
74.46639069182598,31.38464473648884,2
74.47739584821285,31.38464473648884,2
74.48840100459972,31.38464473648884,1
74.49940616098661,31.38464473648884,2
74.5104113173735,31.38464473648884,2
74.52141647376038,31.38464473648884,2
74.53242163014727,31.38464473648884,1
74.54342678653413,31.38464473648884,1
74.15402755639614,31.376055521734067,3
74.16503208671543,31.376055521734067,3
74.17603661703468,31.376055521734067,3
74.18704114735397,31.376055521734067,3
74.19804567767324,31.376055521734067,3
74.20905020799249,31.376055521734067,3
74.22005473831176,31.376055521734067,3
74.23105926863104,31.376055521734067,3
74.2420637989503,31.376055521734067,3
74.25306832926958,31.376055521734067,3
74.26407285958885,31.376055521734067,3
74.2750773899081,31.376055521734067,3
74.28608192022737,31.376055521734067,3
74.29708645054666,31.376055521734067,3
74.30809098086593,31.376055521734067,2
74.3190955111852,31.376055521734067,2
74.33010004150447,31.376055521734067,3
74.34110457182373,31.376055521734067,3
74.35210910214299,31.376055521734067,3
74.36311363246227,31.376055521734067,3
74.37411816278154,31.376055521734067,3
74.38512269310081,31.376055521734067,3
74.39612722342008,31.376055521734067,3
74.40713175373935,31.376055521734067,2
74.4181362840586,31.376055521734067,2
74.42914081437789,31.376055521734067,1
74.44014534469716,31.376055521734067,2
74.45114987501643,31.376055521734067,2
74.4621544053357,31.376055521734067,2
74.47315893565496,31.376055521734067,2
74.48416346597422,31.376055521734067,2
74.49516799629349,31.376055521734067,2
74.50617252661277,31.376055521734067,2
74.51717705693204,31.376055521734067,2
74.52818158725131,31.376055521734067,1
74.53918611757057,31.376055521734067,1
74.16081453269362,31.367466603632568,3
74.17181843721661,31.367466603632568,3
74.1828223417396,31.367466603632568,3
74.19382624626259,31.367466603632568,3
74.20483015078557,31.367466603632568,3
74.21583405530856,31.367466603632568,3
74.22683795983156,31.367466603632568,3
74.23784186435455,31.367466603632568,3
74.24884576887754,31.367466603632568,3
74.25984967340054,31.367466603632568,3
74.27085357792352,31.367466603632568,3
74.28185748244651,31.367466603632568,3
74.2928613869695,31.367466603632568,2
74.3038652914925,31.367466603632568,2
74.31486919601548,31.367466603632568,2
74.32587310053847,31.367466603632568,2
74.33687700506145,31.367466603632568,2
74.34788090958445,31.367466603632568,3
74.35888481410744,31.367466603632568,3
74.36988871863043,31.367466603632568,3
74.38089262315343,31.367466603632568,3
74.39189652767642,31.367466603632568,3
74.4029004321994,31.367466603632568,2
74.4139043367224,31.367466603632568,1
74.42490824124539,31.367466603632568,2
74.43591214576838,31.367466603632568,2
74.44691605029136,31.367466603632568,1
74.45791995481436,31.367466603632568,2
74.46892385933734,31.367466603632568,2
74.47992776386033,31.367466603632568,2
74.49093166838333,31.367466603632568,2
74.50193557290632,31.367466603632568,2
74.51293947742931,31.367466603632568,2
74.52394338195231,31.367466603632568,2
74.53494728647529,31.367466603632568,1
74.54595119099828,31.367466603632568,1
74.15659880654273,31.358877982066183,3
74.16760208554066,31.358877982066183,3
74.1786053645386,31.358877982066183,3
74.18960864353652,31.358877982066183,3
74.20061192253443,31.358877982066183,3
74.21161520153238,31.358877982066183,3
74.22261848053031,31.358877982066183,3
74.23362175952823,31.358877982066183,3
74.24462503852617,31.358877982066183,3
74.2556283175241,31.358877982066183,3
74.266631596522,31.358877982066183,3
74.27763487551995,31.358877982066183,2
74.28863815451788,31.358877982066183,2
74.29964143351582,31.358877982066183,2
74.31064471251375,31.358877982066183,2
74.32164799151167,31.358877982066183,1
74.33265127050959,31.358877982066183,2
74.34365454950752,31.358877982066183,1
74.35465782850545,31.358877982066183,3
74.36566110750339,31.358877982066183,3
74.37666438650132,31.358877982066183,3
74.38766766549925,31.358877982066183,3
74.39867094449716,31.358877982066183,3
74.40967422349509,31.358877982066183,2
74.42067750249304,31.358877982066183,2
74.43168078149097,31.358877982066183,2
74.44268406048889,31.358877982066183,2
74.45368733948682,31.358877982066183,2
74.46469061848474,31.358877982066183,2
74.47569389748267,31.358877982066183,1
74.4866971764806,31.358877982066183,2
74.49770045547854,31.358877982066183,2
74.50870373447647,31.358877982066183,2
74.5197070134744,31.358877982066183,1
74.5307102924723,31.358877982066183,2
74.54171357147024,31.358877982066183,1
74.15238490749128,31.35028965691683,1
74.16338756123525,31.35028965691683,2
74.17439021497924,31.35028965691683,3
74.18539286872321,31.35028965691683,3
74.19639552246716,31.35028965691683,2
74.20739817621113,31.35028965691683,2
74.2184008299551,31.35028965691683,2
74.22940348369909,31.35028965691683,3
74.24040613744306,31.35028965691683,3
74.25140879118703,31.35028965691683,3
74.26241144493099,31.35028965691683,2
74.27341409867496,31.35028965691683,2
74.28441675241893,31.35028965691683,1
74.2954194061629,31.35028965691683,1
74.3064220599069,31.35028965691683,1
74.31742471365085,31.35028965691683,2
74.32842736739481,31.35028965691683,2
74.33943002113878,31.35028965691683,2
74.35043267488275,31.35028965691683,1
74.36143532862674,31.35028965691683,3
74.37243798237071,31.35028965691683,3
74.38344063611468,31.35028965691683,3
74.39444328985864,31.35028965691683,3
74.40544594360261,31.35028965691683,2
74.41644859734657,31.35028965691683,1
74.42745125109056,31.35028965691683,2
74.43845390483453,31.35028965691683,2
74.4494565585785,31.35028965691683,2
74.46045921232246,31.35028965691683,2
74.47146186606643,31.35028965691683,2
74.4824645198104,31.35028965691683,2
74.4934671735544,31.35028965691683,2
74.50446982729837,31.35028965691683,2
74.51547248104234,31.35028965691683,2
74.52647513478628,31.35028965691683,2
74.53747778853025,31.35028965691683,1
74.54848044227424,31.35028965691683,1
