lon,lat,population
74.15416565005002,31.64583354275,1381.1398
74.16249898335002,31.64583354275,1539.9691
74.17083231665002,31.64583354275,5110.6987
74.17916564995002,31.64583354275,9054.857
74.18749898325002,31.64583354275,7996.253
74.19583231655002,31.64583354275,3226.732
74.20416564985003,31.64583354275,6180.158
74.21249898315003,31.64583354275,785.9379
74.22083231645003,31.64583354275,670.9122
74.22916564975003,31.64583354275,361.2073
74.23749898305003,31.64583354275,527.1192
74.24583231635002,31.64583354275,159.39322
74.25416564965002,31.64583354275,170.5652
74.26249898295002,31.64583354275,530.9331
74.27083231625002,31.64583354275,6202.7383
74.27916564955002,31.64583354275,26231.695
74.28749898285002,31.64583354275,23456.43
74.29583231615003,31.64583354275,14962.996
74.30416564945003,31.64583354275,3410.2214
74.31249898275003,31.64583354275,22.445496
74.32083231605003,31.64583354275,19.337372
74.32916564935003,31.64583354275,43.142853
74.33749898265002,31.64583354275,79.715324
74.34583231595002,31.64583354275,0.32474858
74.35416564925002,31.64583354275,16.469408
74.36249898255002,31.64583354275,161.35123
74.37083231585002,31.64583354275,502.15915
74.37916564915002,31.64583354275,1256.9307
74.38749898245003,31.64583354275,119.97038
74.39583231575003,31.64583354275,289.79956
74.40416564905003,31.64583354275,466.82053
74.41249898235003,31.64583354275,495.92108
74.42083231565003,31.64583354275,410.46295
74.42916564895002,31.64583354275,173.94073
74.43749898225002,31.64583354275,213.22179
74.44583231555002,31.64583354275,597.1916
74.45416564885002,31.64583354275,237.9245
74.46249898215002,31.64583354275,5818.8457
74.47083231545002,31.64583354275,1914.0183
74.47916564875003,31.64583354275,1968.0022
74.48749898205003,31.64583354275,528.79
74.49583231535003,31.64583354275,218.94012
74.50416564865003,31.64583354275,254.8595
74.51249898195003,31.64583354275,154.04036
74.52083231525002,31.64583354275,135.00542
74.52916564855002,31.64583354275,32.84621
74.53749898185002,31.64583354275,134.26373
74.54583231515002,31.64583354275,50.586544
74.15416565005002,31.637500209450003,2403.651
74.16249898335002,31.637500209450003,1648.066
74.17083231665002,31.637500209450003,1096.9341
74.17916564995002,31.637500209450003,4596.1978
74.18749898325002,31.637500209450003,10929.325
74.19583231655002,31.637500209450003,8093.054
74.20416564985003,31.637500209450003,8888.743
74.21249898315003,31.637500209450003,9142.36
74.22083231645003,31.637500209450003,4926.2544
74.22916564975003,31.637500209450003,8101.425
74.23749898305003,31.637500209450003,4567.843
74.24583231635002,31.637500209450003,464.53647
74.25416564965002,31.637500209450003,797.08936
74.26249898295002,31.637500209450003,4568.0093
74.27083231625002,31.637500209450003,18330.883
74.27916564955002,31.637500209450003,25542.178
74.28749898285002,31.637500209450003,18216.879
74.29583231615003,31.637500209450003,9053.716
74.30416564945003,31.637500209450003,9227.983
74.31249898275003,31.637500209450003,4360.583
74.32916564935003,31.637500209450003,2.041641
74.33749898265002,31.637500209450003,3.008964e-22
74.34583231595002,31.637500209450003,40.197365
74.35416564925002,31.637500209450003,862.01965
74.36249898255002,31.637500209450003,1214.5563
74.37083231585002,31.637500209450003,6048.3623
74.37916564915002,31.637500209450003,269.5268
74.38749898245003,31.637500209450003,1971.4921
74.39583231575003,31.637500209450003,616.71747
74.40416564905003,31.637500209450003,215.0063
74.41249898235003,31.637500209450003,353.1849
74.42083231565003,31.637500209450003,274.08917
74.42916564895002,31.637500209450003,194.11629
74.43749898225002,31.637500209450003,47.956123
74.44583231555002,31.637500209450003,4103.462
74.45416564885002,31.637500209450003,818.4007
74.46249898215002,31.637500209450003,328.4307
74.47083231545002,31.637500209450003,267.62054
74.47916564875003,31.637500209450003,407.6804
74.48749898205003,31.637500209450003,664.95764
74.49583231535003,31.637500209450003,287.41614
74.50416564865003,31.637500209450003,6051.456
74.51249898195003,31.637500209450003,403.65686
74.52083231525002,31.637500209450003,935.109
74.52916564855002,31.637500209450003,754.8715
74.53749898185002,31.637500209450003,420.94305
74.54583231515002,31.637500209450003,110.11355
74.15416565005002,31.629166876150002,1654.4065
74.16249898335002,31.629166876150002,524.1407
74.17083231665002,31.629166876150002,1145.7316
74.17916564995002,31.629166876150002,909.2875
74.18749898325002,31.629166876150002,3648.424
74.19583231655002,31.629166876150002,865.5549
74.20416564985003,31.629166876150002,5946.1216
74.21249898315003,31.629166876150002,9533.46
74.22083231645003,31.629166876150002,14155.106
74.22916564975003,31.629166876150002,13353.133
74.23749898305003,31.629166876150002,17808.484
74.24583231635002,31.629166876150002,7361.691
74.25416564965002,31.629166876150002,3769.2427
74.26249898295002,31.629166876150002,4548.6445
74.27083231625002,31.629166876150002,23061.889
74.27916564955002,31.629166876150002,28091.492
74.28749898285002,31.629166876150002,24724.7
74.29583231615003,31.629166876150002,21680.027
74.30416564945003,31.629166876150002,25954.52
74.31249898275003,31.629166876150002,10779.83
74.32083231605003,31.629166876150002,17.80995
74.32916564935003,31.629166876150002,31.852587
74.33749898265002,31.629166876150002,10.241313
74.34583231595002,31.629166876150002,36.0675
74.35416564925002,31.629166876150002,57.11538
74.36249898255002,31.629166876150002,36.071384
74.37083231585002,31.629166876150002,219.48701
74.37916564915002,31.629166876150002,79.72795
74.38749898245003,31.629166876150002,461.10648
74.39583231575003,31.629166876150002,328.05298
74.40416564905003,31.629166876150002,54.623703
74.41249898235003,31.629166876150002,280.7474
74.42083231565003,31.629166876150002,923.7078
74.42916564895002,31.629166876150002,314.66586
74.43749898225002,31.629166876150002,1158.1862
74.44583231555002,31.629166876150002,2574.3374
74.45416564885002,31.629166876150002,247.25537
74.46249898215002,31.629166876150002,153.84935
74.47083231545002,31.629166876150002,75.34686
74.47916564875003,31.629166876150002,238.89343
74.48749898205003,31.629166876150002,1500.5878
74.49583231535003,31.629166876150002,2271.931
74.50416564865003,31.629166876150002,3780.8857
74.51249898195003,31.629166876150002,342.04236
74.52083231525002,31.629166876150002,463.2167
74.52916564855002,31.629166876150002,228.04199
74.53749898185002,31.629166876150002,263.0399
74.54583231515002,31.629166876150002,1043.2748
74.15416565005002,31.62083354285,172.4576
74.16249898335002,31.62083354285,1152.7283
74.17083231665002,31.62083354285,430.1454
74.17916564995002,31.62083354285,20.332151
74.18749898325002,31.62083354285,65.854385
74.20416564985003,31.62083354285,261.89215
74.21249898315003,31.62083354285,1667.4167
74.22083231645003,31.62083354285,7987.009
74.22916564975003,31.62083354285,18720.576
74.23749898305003,31.62083354285,18838.875
74.24583231635002,31.62083354285,17628.342
74.25416564965002,31.62083354285,21883.174
74.26249898295002,31.62083354285,22320.912
74.27083231625002,31.62083354285,24499.03
74.27916564955002,31.62083354285,26806.955
74.28749898285002,31.62083354285,23390.502
74.29583231615003,31.62083354285,16515.416
74.30416564945003,31.62083354285,7971.356
74.31249898275003,31.62083354285,407.3862
74.32083231605003,31.62083354285,44.0778
74.32916564935003,31.62083354285,154.69957
74.33749898265002,31.62083354285,1209.3528
74.34583231595002,31.62083354285,5500.8433
74.35416564925002,31.62083354285,791.32605
74.36249898255002,31.62083354285,1230.2422
74.37083231585002,31.62083354285,1913.6223
74.37916564915002,31.62083354285,179.3652
74.38749898245003,31.62083354285,828.07
74.39583231575003,31.62083354285,630.0028
74.40416564905003,31.62083354285,581.40234
74.41249898235003,31.62083354285,176.42163
74.42083231565003,31.62083354285,1217.2834
74.42916564895002,31.62083354285,1733.3496
74.43749898225002,31.62083354285,1454.1204
74.44583231555002,31.62083354285,2864.763
74.45416564885002,31.62083354285,307.0704
74.46249898215002,31.62083354285,1044.2866
74.47083231545002,31.62083354285,229.66284
74.47916564875003,31.62083354285,1070.7916
74.48749898205003,31.62083354285,951.26154
74.49583231535003,31.62083354285,825.80927
74.50416564865003,31.62083354285,211.43091
74.51249898195003,31.62083354285,145.01958
74.52083231525002,31.62083354285,288.90955
74.52916564855002,31.62083354285,25.016823
74.53749898185002,31.62083354285,84.062874
74.54583231515002,31.62083354285,321.93344
74.15416565005002,31.612500209550003,166.79594
74.16249898335002,31.612500209550003,493.0541
74.17083231665002,31.612500209550003,28.002014
74.17916564995002,31.612500209550003,36.348213
74.18749898325002,31.612500209550003,51.905186
74.19583231655002,31.612500209550003,78.101616
74.20416564985003,31.612500209550003,41.755974
74.21249898315003,31.612500209550003,2323.3179
74.22083231645003,31.612500209550003,1893.176
74.22916564975003,31.612500209550003,1041.7571
74.23749898305003,31.612500209550003,3086.835
74.24583231635002,31.612500209550003,13147.903
74.25416564965002,31.612500209550003,23139.133
74.26249898295002,31.612500209550003,23164.68
74.27083231625002,31.612500209550003,21346.77
74.27916564955002,31.612500209550003,23327.852
74.28749898285002,31.612500209550003,23937.537
74.29583231615003,31.612500209550003,13630.314
74.30416564945003,31.612500209550003,4072.692
74.31249898275003,31.612500209550003,3295.9465
74.32083231605003,31.612500209550003,4887.692
74.32916564935003,31.612500209550003,10134.255
74.33749898265002,31.612500209550003,14311.433
74.34583231595002,31.612500209550003,15009.544
74.35416564925002,31.612500209550003,6090.659
74.36249898255002,31.612500209550003,9563.379
74.37083231585002,31.612500209550003,9697.689
74.37916564915002,31.612500209550003,2946.7085
74.38749898245003,31.612500209550003,3858.8835
74.39583231575003,31.612500209550003,3059.2131
74.40416564905003,31.612500209550003,4799.858
74.41249898235003,31.612500209550003,11859.321
74.42083231565003,31.612500209550003,8380.134
74.42916564895002,31.612500209550003,3910.037
74.43749898225002,31.612500209550003,801.49854
74.44583231555002,31.612500209550003,1103.9
74.45416564885002,31.612500209550003,1303.6705
74.46249898215002,31.612500209550003,3007.6025
74.47083231545002,31.612500209550003,148.33022
74.47916564875003,31.612500209550003,479.5281
74.48749898205003,31.612500209550003,1131.4015
74.49583231535003,31.612500209550003,1200.9877
74.50416564865003,31.612500209550003,63.887634
74.51249898195003,31.612500209550003,457.3082
74.52083231525002,31.612500209550003,282.74323
74.52916564855002,31.612500209550003,595.5471
74.53749898185002,31.612500209550003,99.914665
74.54583231515002,31.612500209550003,108.523186
74.15416565005002,31.60416687625,677.5674
74.16249898335002,31.60416687625,630.2869
74.17083231665002,31.60416687625,64.67036
74.17916564995002,31.60416687625,3326.721
74.18749898325002,31.60416687625,271.78912
74.19583231655002,31.60416687625,85.23258
74.20416564985003,31.60416687625,233.60753
74.21249898315003,31.60416687625,2680.4922
74.22083231645003,31.60416687625,2260.9868
74.22916564975003,31.60416687625,5928.768
74.23749898305003,31.60416687625,6453.3965
74.24583231635002,31.60416687625,19220.89
74.25416564965002,31.60416687625,10582.138
74.26249898295002,31.60416687625,4314.9653
74.27083231625002,31.60416687625,7810.0967
74.27916564955002,31.60416687625,11113.468
74.28749898285002,31.60416687625,4803.882
74.29583231615003,31.60416687625,5210.14
74.30416564945003,31.60416687625,22865.137
74.31249898275003,31.60416687625,26817.727
74.32083231605003,31.60416687625,29136.05
74.32916564935003,31.60416687625,30576.852
74.33749898265002,31.60416687625,29375.928
74.34583231595002,31.60416687625,28571.002
74.35416564925002,31.60416687625,26900.385
74.36249898255002,31.60416687625,27839.69
74.37083231585002,31.60416687625,23962.543
74.37916564915002,31.60416687625,19457.242
74.38749898245003,31.60416687625,18519.924
74.39583231575003,31.60416687625,23489.863
74.40416564905003,31.60416687625,23675.287
74.41249898235003,31.60416687625,23494.336
74.42083231565003,31.60416687625,11696.289
74.42916564895002,31.60416687625,1423.1987
74.43749898225002,31.60416687625,2803.4817
74.44583231555002,31.60416687625,3577.36
74.45416564885002,31.60416687625,11895.893
74.46249898215002,31.60416687625,4532.849
74.47083231545002,31.60416687625,1847.5293
74.47916564875003,31.60416687625,2076.333
74.48749898205003,31.60416687625,4197.8784
74.49583231535003,31.60416687625,5707.22
74.50416564865003,31.60416687625,1935.3495
74.51249898195003,31.60416687625,1935.8268
74.52083231525002,31.60416687625,457.37143
74.52916564855002,31.60416687625,2637.9475
74.53749898185002,31.60416687625,2416.671
74.54583231515002,31.60416687625,1096.7985
74.15416565005002,31.59583354295,147.5792
74.16249898335002,31.59583354295,33.985157
74.17083231665002,31.59583354295,51.866817
74.17916564995002,31.59583354295,998.6314
74.18749898325002,31.59583354295,81.60078
74.19583231655002,31.59583354295,579.83746
74.20416564985003,31.59583354295,744.0341
74.21249898315003,31.59583354295,3483.0454
74.22083231645003,31.59583354295,9535.993
74.22916564975003,31.59583354295,11258.1
74.23749898305003,31.59583354295,8695.647
74.24583231635002,31.59583354295,9680.425
74.25416564965002,31.59583354295,8676.949
74.26249898295002,31.59583354295,3502.118
74.27083231625002,31.59583354295,122.37235
74.27916564955002,31.59583354295,34.348473
74.28749898285002,31.59583354295,1149.1001
74.29583231615003,31.59583354295,20533.457
74.30416564945003,31.59583354295,30246.955
74.31249898275003,31.59583354295,18609.287
74.32083231605003,31.59583354295,23850.178
74.32916564935003,31.59583354295,24782.047
74.33749898265002,31.59583354295,31421.256
74.34583231595002,31.59583354295,30500.305
74.35416564925002,31.59583354295,29510.672
74.36249898255002,31.59583354295,25585.445
74.37083231585002,31.59583354295,28131.135
74.37916564915002,31.59583354295,27150.506
74.38749898245003,31.59583354295,25407.336
74.39583231575003,31.59583354295,29411.59
74.40416564905003,31.59583354295,25044.23
74.41249898235003,31.59583354295,20220.592
74.42083231565003,31.59583354295,18717.426
74.42916564895002,31.59583354295,12040.619
74.43749898225002,31.59583354295,11543.753
74.44583231555002,31.59583354295,13037.664
74.45416564885002,31.59583354295,17818.258
74.46249898215002,31.59583354295,11366.908
74.47083231545002,31.59583354295,15675.652
74.47916564875003,31.59583354295,15187.4
74.48749898205003,31.59583354295,18040.12
74.49583231535003,31.59583354295,14330.96
74.50416564865003,31.59583354295,7735.0425
74.51249898195003,31.59583354295,1554.7352
74.52083231525002,31.59583354295,1707.9978
74.52916564855002,31.59583354295,887.75745
74.53749898185002,31.59583354295,583.69183
74.54583231515002,31.59583354295,323.73764
74.15416565005002,31.587500209650003,719.9646
74.16249898335002,31.587500209650003,37.009747
74.17083231665002,31.587500209650003,81.823105
74.17916564995002,31.587500209650003,798.79333
74.18749898325002,31.587500209650003,409.41403
74.19583231655002,31.587500209650003,239.44658
74.20416564985003,31.587500209650003,2948.8
74.21249898315003,31.587500209650003,8782.14
74.22083231645003,31.587500209650003,2176.4033
74.22916564975003,31.587500209650003,602.3203
74.23749898305003,31.587500209650003,1145.9
74.24583231635002,31.587500209650003,1149.7681
74.25416564965002,31.587500209650003,7749.3174
74.26249898295002,31.587500209650003,5017.7627
74.27083231625002,31.587500209650003,521.6224
74.27916564955002,31.587500209650003,1460.7079
74.28749898285002,31.587500209650003,16830.262
74.29583231615003,31.587500209650003,30738.078
74.30416564945003,31.587500209650003,29428.875
74.31249898275003,31.587500209650003,20733.662
74.32083231605003,31.587500209650003,25535.162
74.32916564935003,31.587500209650003,31743.543
74.33749898265002,31.587500209650003,32453.812
74.34583231595002,31.587500209650003,31468.188
74.35416564925002,31.587500209650003,29974.76
74.36249898255002,31.587500209650003,31147.191
74.37083231585002,31.587500209650003,29433.895
74.37916564915002,31.587500209650003,23443.18
74.38749898245003,31.587500209650003,26015.492
74.39583231575003,31.587500209650003,27213.592
74.40416564905003,31.587500209650003,26663.824
74.41249898235003,31.587500209650003,26209.275
74.42083231565003,31.587500209650003,24744.72
74.42916564895002,31.587500209650003,20330.957
74.43749898225002,31.587500209650003,12265.681
74.44583231555002,31.587500209650003,11826.798
74.45416564885002,31.587500209650003,8980.437
74.46249898215002,31.587500209650003,8628.394
74.47083231545002,31.587500209650003,11116.799
74.47916564875003,31.587500209650003,15147.599
74.48749898205003,31.587500209650003,6619.79
74.49583231535003,31.587500209650003,2678.0295
74.50416564865003,31.587500209650003,5158.205
74.51249898195003,31.587500209650003,1583.3713
74.52083231525002,31.587500209650003,925.7108
74.52916564855002,31.587500209650003,3360.6477
74.53749898185002,31.587500209650003,246.8737
74.54583231515002,31.587500209650003,449.39185
74.15416565005002,31.57916687635,294.15732
74.16249898335002,31.57916687635,101.3373
74.17083231665002,31.57916687635,310.90118
74.17916564995002,31.57916687635,453.0588
74.18749898325002,31.57916687635,746.7184
74.19583231655002,31.57916687635,4730.118
74.20416564985003,31.57916687635,4267.0674
74.21249898315003,31.57916687635,274.15436
74.22083231645003,31.57916687635,288.21756
74.22916564975003,31.57916687635,242.17807
74.23749898305003,31.57916687635,166.65733
74.24583231635002,31.57916687635,263.71182
74.25416564965002,31.57916687635,4490.8286
74.26249898295002,31.57916687635,5340.417
74.27083231625002,31.57916687635,1070.4762
74.27916564955002,31.57916687635,7943.9624
74.28749898285002,31.57916687635,27066.49
74.29583231615003,31.57916687635,32855.684
74.30416564945003,31.57916687635,28724.453
74.31249898275003,31.57916687635,32659.39
74.32083231605003,31.57916687635,31790.855
74.32916564935003,31.57916687635,29989.62
74.33749898265002,31.57916687635,23655.508
74.34583231595002,31.57916687635,29767.758
74.35416564925002,31.57916687635,18100.99
74.36249898255002,31.57916687635,23952.943
74.37083231585002,31.57916687635,29698.012
74.37916564915002,31.57916687635,30783.316
74.38749898245003,31.57916687635,27859.115
74.39583231575003,31.57916687635,26707.744
74.40416564905003,31.57916687635,26837.4
74.41249898235003,31.57916687635,23404.996
74.42083231565003,31.57916687635,19523.69
74.42916564895002,31.57916687635,10370.108
74.43749898225002,31.57916687635,17667.838
74.44583231555002,31.57916687635,11753.868
74.45416564885002,31.57916687635,11716.103
74.46249898215002,31.57916687635,13602.928
74.47083231545002,31.57916687635,7387.8286
74.47916564875003,31.57916687635,9210.2
74.48749898205003,31.57916687635,12402.438
74.49583231535003,31.57916687635,11740.57
74.50416564865003,31.57916687635,3047.7112
74.51249898195003,31.57916687635,608.7165
74.52083231525002,31.57916687635,1533.3539
74.52916564855002,31.57916687635,2837.5576
74.53749898185002,31.57916687635,554.3125
74.54583231515002,31.57916687635,265.35422
74.15416565005002,31.57083354305,317.85104
74.16249898335002,31.57083354305,516.1647
74.17083231665002,31.57083354305,283.76035
74.17916564995002,31.57083354305,585.9754
74.18749898325002,31.57083354305,2624.3726
74.19583231655002,31.57083354305,11025.562
74.20416564985003,31.57083354305,803.37524
74.21249898315003,31.57083354305,395.83435
74.22083231645003,31.57083354305,250.2469
74.22916564975003,31.57083354305,207.96913
74.23749898305003,31.57083354305,841.3319
74.24583231635002,31.57083354305,292.06784
74.25416564965002,31.57083354305,866.5583
74.26249898295002,31.57083354305,212.38939
74.27083231625002,31.57083354305,5222.6045
74.27916564955002,31.57083354305,21301.744
74.28749898285002,31.57083354305,27057.146
74.29583231615003,31.57083354305,32002.113
74.30416564945003,31.57083354305,20568.36
74.31249898275003,31.57083354305,25272.924
74.32083231605003,31.57083354305,30798.727
74.32916564935003,31.57083354305,30013.424
74.33749898265002,31.57083354305,23052.807
74.34583231595002,31.57083354305,19209.385
74.35416564925002,31.57083354305,12408.599
74.36249898255002,31.57083354305,7281.211
74.37083231585002,31.57083354305,20211.84
74.37916564915002,31.57083354305,27930.713
74.38749898245003,31.57083354305,27165.115
74.39583231575003,31.57083354305,26141.379
74.40416564905003,31.57083354305,26296.113
74.41249898235003,31.57083354305,23730.852
74.42083231565003,31.57083354305,23575.78
74.42916564895002,31.57083354305,22793.076
74.43749898225002,31.57083354305,14390.855
74.44583231555002,31.57083354305,11632.092
74.45416564885002,31.57083354305,6482.059
74.46249898215002,31.57083354305,3803.196
74.47083231545002,31.57083354305,1203.5759
74.47916564875003,31.57083354305,427.59406
74.48749898205003,31.57083354305,2039.3314
74.49583231535003,31.57083354305,4821.9834
74.50416564865003,31.57083354305,2036.7404
74.51249898195003,31.57083354305,1210.0044
74.52083231525002,31.57083354305,338.63696
74.52916564855002,31.57083354305,600.16125
74.53749898185002,31.57083354305,504.35162
74.54583231515002,31.57083354305,801.5052
74.15416565005002,31.562500209750002,454.42032
74.16249898335002,31.562500209750002,346.27487
74.17083231665002,31.562500209750002,808.63086
74.17916564995002,31.562500209750002,634.07446
74.18749898325002,31.562500209750002,2440.665
74.19583231655002,31.562500209750002,254.49559
74.20416564985003,31.562500209750002,474.44266
74.21249898315003,31.562500209750002,282.98404
74.22083231645003,31.562500209750002,80.380684
74.22916564975003,31.562500209750002,294.4461
74.23749898305003,31.562500209750002,909.4259
74.24583231635002,31.562500209750002,578.9535
74.25416564965002,31.562500209750002,40.52496
74.26249898295002,31.562500209750002,345.26282
74.27083231625002,31.562500209750002,8866.232
74.27916564955002,31.562500209750002,28391.7
74.28749898285002,31.562500209750002,32133.047
74.29583231615003,31.562500209750002,33231.48
74.30416564945003,31.562500209750002,24198.36
74.31249898275003,31.562500209750002,25737.924
74.32083231605003,31.562500209750002,26321.633
74.32916564935003,31.562500209750002,20524.926
74.33749898265002,31.562500209750002,24456.021
74.34583231595002,31.562500209750002,30034.4
74.35416564925002,31.562500209750002,20244.059
74.36249898255002,31.562500209750002,6687.0254
74.37083231585002,31.562500209750002,12048.492
74.37916564915002,31.562500209750002,21942.445
74.38749898245003,31.562500209750002,26330.643
74.39583231575003,31.562500209750002,26974.025
74.40416564905003,31.562500209750002,27661.35
74.41249898235003,31.562500209750002,26435.666
74.42083231565003,31.562500209750002,20574.424
74.42916564895002,31.562500209750002,15651.293
74.43749898225002,31.562500209750002,5563.765
74.44583231555002,31.562500209750002,1569.7169
74.45416564885002,31.562500209750002,764.3167
74.46249898215002,31.562500209750002,511.5802
74.47083231545002,31.562500209750002,478.27426
74.47916564875003,31.562500209750002,82.94865
74.48749898205003,31.562500209750002,0.5852085
74.49583231535003,31.562500209750002,806.611
74.50416564865003,31.562500209750002,483.51944
74.51249898195003,31.562500209750002,317.02875
74.52083231525002,31.562500209750002,463.3747
74.52916564855002,31.562500209750002,4397.1597
74.53749898185002,31.562500209750002,441.7173
74.54583231515002,31.562500209750002,828.13
74.15416565005002,31.55416687645,190.93475
74.16249898335002,31.55416687645,2202.435
74.17083231665002,31.55416687645,4140.2275
74.17916564995002,31.55416687645,3307.164
74.18749898325002,31.55416687645,429.62686
74.19583231655002,31.55416687645,102.683334
74.20416564985003,31.55416687645,33.785404
74.21249898315003,31.55416687645,129.1066
74.22083231645003,31.55416687645,183.83714
74.22916564975003,31.55416687645,155.40263
74.23749898305003,31.55416687645,586.3463
74.24583231635002,31.55416687645,324.137
74.25416564965002,31.55416687645,907.1202
74.26249898295002,31.55416687645,11603.598
74.27083231625002,31.55416687645,26107.926
74.27916564955002,31.55416687645,27949.666
74.28749898285002,31.55416687645,31032.254
74.29583231615003,31.55416687645,30138.096
74.30416564945003,31.55416687645,26008.592
74.31249898275003,31.55416687645,27827.668
74.32083231605003,31.55416687645,26575.84
74.32916564935003,31.55416687645,9249.622
74.33749898265002,31.55416687645,15840.851
74.34583231595002,31.55416687645,13924.963
74.35416564925002,31.55416687645,19735.385
74.36249898255002,31.55416687645,22718.406
74.37083231585002,31.55416687645,21678.088
74.37916564915002,31.55416687645,16926.744
74.38749898245003,31.55416687645,21896.414
74.39583231575003,31.55416687645,26325.771
74.40416564905003,31.55416687645,26148.332
74.41249898235003,31.55416687645,21547.84
74.42083231565003,31.55416687645,25307.734
74.42916564895002,31.55416687645,14900.373
74.43749898225002,31.55416687645,2752.8738
74.44583231555002,31.55416687645,2976.414
74.45416564885002,31.55416687645,1026.9147
74.47083231545002,31.55416687645,1.8694423
74.47916564875003,31.55416687645,2123.8936
74.48749898205003,31.55416687645,730.32684
74.49583231535003,31.55416687645,508.49332
74.50416564865003,31.55416687645,560.4825
74.51249898195003,31.55416687645,65.14476
74.52083231525002,31.55416687645,1694.1904
74.52916564855002,31.55416687645,656.02783
74.53749898185002,31.55416687645,333.50995
74.54583231515002,31.55416687645,347.41858
74.15416565005002,31.545833543150003,1394.2366
74.16249898335002,31.545833543150003,2297.5063
74.17083231665002,31.545833543150003,1440.2124
74.17916564995002,31.545833543150003,329.8389
74.18749898325002,31.545833543150003,128.86913
74.19583231655002,31.545833543150003,160.97227
74.20416564985003,31.545833543150003,129.15671
74.21249898315003,31.545833543150003,74.09744
74.22083231645003,31.545833543150003,38.149853
74.22916564975003,31.545833543150003,78.90085
74.23749898305003,31.545833543150003,8.876017
74.24583231635002,31.545833543150003,26.90395
74.25416564965002,31.545833543150003,5523.7954
74.26249898295002,31.545833543150003,21279.178
74.27083231625002,31.545833543150003,28118.133
74.27916564955002,31.545833543150003,29406.363
74.28749898285002,31.545833543150003,29606.998
74.29583231615003,31.545833543150003,27764.422
74.30416564945003,31.545833543150003,26418.955
74.31249898275003,31.545833543150003,23382.07
74.32083231605003,31.545833543150003,23389.041
74.32916564935003,31.545833543150003,20675.762
74.33749898265002,31.545833543150003,10989.64
74.34583231595002,31.545833543150003,11605.2
74.35416564925002,31.545833543150003,19938.215
74.36249898255002,31.545833543150003,21188.482
74.37083231585002,31.545833543150003,18384.35
74.37916564915002,31.545833543150003,24595.11
74.38749898245003,31.545833543150003,14658.161
74.39583231575003,31.545833543150003,14822.818
74.40416564905003,31.545833543150003,25018.19
74.41249898235003,31.545833543150003,15413.587
74.42083231565003,31.545833543150003,24832.885
74.42916564895002,31.545833543150003,5899.062
74.43749898225002,31.545833543150003,1398.6401
74.44583231555002,31.545833543150003,916.0016
74.45416564885002,31.545833543150003,257.00006
74.46249898215002,31.545833543150003,552.9652
74.47083231545002,31.545833543150003,0.034106903
74.47916564875003,31.545833543150003,569.8636
74.48749898205003,31.545833543150003,6118.0376
74.49583231535003,31.545833543150003,770.4234
74.50416564865003,31.545833543150003,133.8426
74.51249898195003,31.545833543150003,261.41
74.52083231525002,31.545833543150003,6086.963
74.52916564855002,31.545833543150003,1980.3043
74.53749898185002,31.545833543150003,223.97267
74.54583231515002,31.545833543150003,225.90762
74.15416565005002,31.537500209850002,1638.5809
74.16249898335002,31.537500209850002,3874.702
74.17083231665002,31.537500209850002,1847.6094
74.17916564995002,31.537500209850002,269.8377
74.18749898325002,31.537500209850002,139.85515
74.19583231655002,31.537500209850002,94.81075
74.20416564985003,31.537500209850002,36.510124
74.21249898315003,31.537500209850002,38.353706
74.22083231645003,31.537500209850002,49.60213
74.22916564975003,31.537500209850002,82.31883
74.23749898305003,31.537500209850002,51.68089
74.24583231635002,31.537500209850002,1177.1914
74.25416564965002,31.537500209850002,8485.112
74.26249898295002,31.537500209850002,18811.373
74.27083231625002,31.537500209850002,31653.006
74.27916564955002,31.537500209850002,30871.865
74.28749898285002,31.537500209850002,30551.484
74.29583231615003,31.537500209850002,30538.68
74.30416564945003,31.537500209850002,28435.502
74.31249898275003,31.537500209850002,31273.486
74.32083231605003,31.537500209850002,24405.047
74.32916564935003,31.537500209850002,24804.393
74.33749898265002,31.537500209850002,15643.317
74.34583231595002,31.537500209850002,17579.064
74.35416564925002,31.537500209850002,10546.638
74.36249898255002,31.537500209850002,15323.52
74.37083231585002,31.537500209850002,12590.58
74.37916564915002,31.537500209850002,16749.018
74.38749898245003,31.537500209850002,5422.887
74.39583231575003,31.537500209850002,2650.1797
74.40416564905003,31.537500209850002,1448.3142
74.41249898235003,31.537500209850002,20747.75
74.42083231565003,31.537500209850002,15794.993
74.42916564895002,31.537500209850002,267.30338
74.43749898225002,31.537500209850002,1310.8853
74.44583231555002,31.537500209850002,1142.968
74.45416564885002,31.537500209850002,6095.4194
74.46249898215002,31.537500209850002,7097.9487
74.47083231545002,31.537500209850002,471.10135
74.47916564875003,31.537500209850002,186.24268
74.48749898205003,31.537500209850002,653.8266
74.49583231535003,31.537500209850002,1285.6941
74.50416564865003,31.537500209850002,15.383761
74.51249898195003,31.537500209850002,54.462997
74.52083231525002,31.537500209850002,310.19495
74.52916564855002,31.537500209850002,207.52803
74.53749898185002,31.537500209850002,1263.4535
74.54583231515002,31.537500209850002,317.88055
74.15416565005002,31.52916687655,641.45087
74.16249898335002,31.52916687655,199.97412
74.17083231665002,31.52916687655,185.58446
74.17916564995002,31.52916687655,505.44427
74.18749898325002,31.52916687655,2182.5881
74.19583231655002,31.52916687655,97.222626
74.20416564985003,31.52916687655,7.383448
74.21249898315003,31.52916687655,24.650253
74.22916564975003,31.52916687655,77.44955
74.23749898305003,31.52916687655,258.53754
74.24583231635002,31.52916687655,301.10867
74.25416564965002,31.52916687655,4489.6997
74.26249898295002,31.52916687655,20502.852
74.27083231625002,31.52916687655,28504.977
74.27916564955002,31.52916687655,30752.002
74.28749898285002,31.52916687655,30353.18
74.29583231615003,31.52916687655,31081.87
74.30416564945003,31.52916687655,28651.135
74.31249898275003,31.52916687655,31524.408
74.32083231605003,31.52916687655,29018.832
74.32916564935003,31.52916687655,25480.936
74.33749898265002,31.52916687655,20654.121
74.34583231595002,31.52916687655,22838.03
74.35416564925002,31.52916687655,16620.898
74.36249898255002,31.52916687655,20518.896
74.37083231585002,31.52916687655,21217.22
74.37916564915002,31.52916687655,20398.592
74.38749898245003,31.52916687655,9807.968
74.39583231575003,31.52916687655,5852.157
74.40416564905003,31.52916687655,959.87585
74.41249898235003,31.52916687655,12966.423
74.42083231565003,31.52916687655,11669.646
74.42916564895002,31.52916687655,7012.197
74.43749898225002,31.52916687655,15963.168
74.44583231555002,31.52916687655,5528.514
74.45416564885002,31.52916687655,11739.0625
74.46249898215002,31.52916687655,6432.1157
74.47083231545002,31.52916687655,303.0959
74.47916564875003,31.52916687655,154.28754
74.48749898205003,31.52916687655,596.12836
74.49583231535003,31.52916687655,416.58395
74.50416564865003,31.52916687655,107.946465
74.51249898195003,31.52916687655,98.37073
74.52083231525002,31.52916687655,574.92236
74.52916564855002,31.52916687655,383.62155
74.53749898185002,31.52916687655,3002.2556
74.54583231515002,31.52916687655,9967.67
74.15416565005002,31.520833543250003,133.1881
74.16249898335002,31.520833543250003,223.4008
74.17083231665002,31.520833543250003,148.38905
74.17916564995002,31.520833543250003,73.95445
74.18749898325002,31.520833543250003,506.0835
74.19583231655002,31.520833543250003,38.4662
74.21249898315003,31.520833543250003,12.975661
74.22083231645003,31.520833543250003,43.053986
74.22916564975003,31.520833543250003,84.80344
74.23749898305003,31.520833543250003,146.87686
74.24583231635002,31.520833543250003,44.4806
74.25416564965002,31.520833543250003,8531.702
74.26249898295002,31.520833543250003,22973.84
74.27083231625002,31.520833543250003,23970.81
74.27916564955002,31.520833543250003,29898.629
74.28749898285002,31.520833543250003,31778.363
74.29583231615003,31.520833543250003,30743.49
74.30416564945003,31.520833543250003,29095.268
74.31249898275003,31.520833543250003,29487.273
74.32083231605003,31.520833543250003,29526.424
74.32916564935003,31.520833543250003,16535.182
74.33749898265002,31.520833543250003,19571.975
74.34583231595002,31.520833543250003,23146.174
74.35416564925002,31.520833543250003,24381.834
74.36249898255002,31.520833543250003,19069.398
74.37083231585002,31.520833543250003,17534.002
74.37916564915002,31.520833543250003,17413.205
74.38749898245003,31.520833543250003,13782.029
74.39583231575003,31.520833543250003,2661.5283
74.40416564905003,31.520833543250003,175.98001
74.41249898235003,31.520833543250003,4391.3433
74.42083231565003,31.520833543250003,636.3201
74.42916564895002,31.520833543250003,12078.069
74.43749898225002,31.520833543250003,14622.953
74.44583231555002,31.520833543250003,14059.855
74.45416564885002,31.520833543250003,9120.366
74.46249898215002,31.520833543250003,11224.41
74.47083231545002,31.520833543250003,168.14534
74.47916564875003,31.520833543250003,875.4766
74.48749898205003,31.520833543250003,65.674164
74.49583231535003,31.520833543250003,280.03705
74.50416564865003,31.520833543250003,551.4035
74.51249898195003,31.520833543250003,406.79193
74.52083231525002,31.520833543250003,175.51067
74.52916564855002,31.520833543250003,171.9377
74.53749898185002,31.520833543250003,423.4719
74.54583231515002,31.520833543250003,958.9309
74.15416565005002,31.51250020995,667.142
74.16249898335002,31.51250020995,306.16132
74.17083231665002,31.51250020995,357.2677
74.17916564995002,31.51250020995,348.4579
74.18749898325002,31.51250020995,318.66205
74.19583231655002,31.51250020995,20.99758
74.20416564985003,31.51250020995,5.2296224
74.21249898315003,31.51250020995,141.69595
74.22083231645003,31.51250020995,19.644344
74.22916564975003,31.51250020995,25.529715
74.23749898305003,31.51250020995,244.96208
74.24583231635002,31.51250020995,3907.4697
74.25416564965002,31.51250020995,16803.941
74.26249898295002,31.51250020995,26054.162
74.27083231625002,31.51250020995,25781.818
74.27916564955002,31.51250020995,29747.305
74.28749898285002,31.51250020995,21463.25
74.29583231615003,31.51250020995,27878.076
74.30416564945003,31.51250020995,22920.459
74.31249898275003,31.51250020995,24437.516
74.32083231605003,31.51250020995,23306.748
74.32916564935003,31.51250020995,17921.672
74.33749898265002,31.51250020995,18410.404
74.34583231595002,31.51250020995,19729.44
74.35416564925002,31.51250020995,23038.979
74.36249898255002,31.51250020995,16399.02
74.37083231585002,31.51250020995,14873.9
74.37916564915002,31.51250020995,15742.503
74.38749898245003,31.51250020995,11972.551
74.39583231575003,31.51250020995,5019.04
74.40416564905003,31.51250020995,205.88556
74.41249898235003,31.51250020995,1420.3496
74.42083231565003,31.51250020995,217.7478
74.42916564895002,31.51250020995,5828.3203
74.43749898225002,31.51250020995,14503.667
74.44583231555002,31.51250020995,4353.544
74.45416564885002,31.51250020995,141.13684
74.46249898215002,31.51250020995,1956.9349
74.47083231545002,31.51250020995,557.29565
74.47916564875003,31.51250020995,1439.8269
74.48749898205003,31.51250020995,1381.865
74.49583231535003,31.51250020995,1052.3932
74.50416564865003,31.51250020995,4102.6265
74.51249898195003,31.51250020995,396.78885
74.52083231525002,31.51250020995,84.30318
74.52916564855002,31.51250020995,306.16202
74.53749898185002,31.51250020995,250.2014
74.54583231515002,31.51250020995,232.47462
74.15416565005002,31.50416687665,904.7584
74.16249898335002,31.50416687665,1000.1453
74.17083231665002,31.50416687665,50.815334
74.17916564995002,31.50416687665,95.75573
74.19583231655002,31.50416687665,3.408395
74.20416564985003,31.50416687665,27.65447
74.22083231645003,31.50416687665,9.176124
74.22916564975003,31.50416687665,42.35577
74.23749898305003,31.50416687665,4625.5933
74.24583231635002,31.50416687665,21763.557
74.25416564965002,31.50416687665,24025.32
74.26249898295002,31.50416687665,25560.184
74.27083231625002,31.50416687665,26031.203
74.27916564955002,31.50416687665,22118.102
74.28749898285002,31.50416687665,14235.0
74.29583231615003,31.50416687665,5434.0244
74.30416564945003,31.50416687665,9268.444
74.31249898275003,31.50416687665,15268.594
74.32083231605003,31.50416687665,25894.623
74.32916564935003,31.50416687665,22504.902
74.33749898265002,31.50416687665,18343.783
74.34583231595002,31.50416687665,22556.223
74.35416564925002,31.50416687665,26687.51
74.36249898255002,31.50416687665,20583.23
74.37083231585002,31.50416687665,17767.846
74.37916564915002,31.50416687665,15213.807
74.38749898245003,31.50416687665,12861.228
74.39583231575003,31.50416687665,5387.27
74.40416564905003,31.50416687665,2538.4556
74.41249898235003,31.50416687665,8761.217
74.42083231565003,31.50416687665,5294.208
74.42916564895002,31.50416687665,5299.3325
74.43749898225002,31.50416687665,14421.989
74.44583231555002,31.50416687665,5490.557
74.45416564885002,31.50416687665,1862.3761
74.46249898215002,31.50416687665,388.19186
74.47083231545002,31.50416687665,2209.9373
74.47916564875003,31.50416687665,953.2583
74.48749898205003,31.50416687665,108.66073
74.49583231535003,31.50416687665,2082.9053
74.50416564865003,31.50416687665,170.3193
74.51249898195003,31.50416687665,105.52917
74.52083231525002,31.50416687665,46.74457
74.52916564855002,31.50416687665,157.42976
74.53749898185002,31.50416687665,1242.4197
74.54583231515002,31.50416687665,60.928085
74.15416565005002,31.495833543350003,87.99826
74.16249898335002,31.495833543350003,333.384
74.17083231665002,31.495833543350003,12.58138
74.19583231655002,31.495833543350003,31.811071
74.20416564985003,31.495833543350003,11.859635
74.21249898315003,31.495833543350003,5.6777673
74.22083231645003,31.495833543350003,50.429607
74.22916564975003,31.495833543350003,885.77924
74.23749898305003,31.495833543350003,7665.332
74.24583231635002,31.495833543350003,17367.645
74.25416564965002,31.495833543350003,23939.09
74.26249898295002,31.495833543350003,25111.988
74.27083231625002,31.495833543350003,23669.115
74.27916564955002,31.495833543350003,8688.837
74.28749898285002,31.495833543350003,299.0286
74.29583231615003,31.495833543350003,6001.3496
74.30416564945003,31.495833543350003,6482.5835
74.31249898275003,31.495833543350003,11521.018
74.32083231605003,31.495833543350003,25113.283
74.32916564935003,31.495833543350003,25279.125
74.33749898265002,31.495833543350003,19604.166
74.34583231595002,31.495833543350003,15086.341
74.35416564925002,31.495833543350003,23968.385
74.36249898255002,31.495833543350003,28218.193
74.37083231585002,31.495833543350003,28586.35
74.37916564915002,31.495833543350003,15257.558
74.38749898245003,31.495833543350003,17280.41
74.39583231575003,31.495833543350003,18602.543
74.40416564905003,31.495833543350003,16823.346
74.41249898235003,31.495833543350003,22484.635
74.42083231565003,31.495833543350003,19532.191
74.42916564895002,31.495833543350003,11752.219
74.43749898225002,31.495833543350003,870.14984
74.44583231555002,31.495833543350003,709.0227
74.45416564885002,31.495833543350003,1464.9996
74.46249898215002,31.495833543350003,114.395294
74.47083231545002,31.495833543350003,1479.7573
74.47916564875003,31.495833543350003,3127.4543
74.48749898205003,31.495833543350003,1926.3535
74.49583231535003,31.495833543350003,2229.2974
74.50416564865003,31.495833543350003,172.32025
74.51249898195003,31.495833543350003,444.20398
74.52083231525002,31.495833543350003,1728.3098
74.52916564855002,31.495833543350003,1744.9023
74.53749898185002,31.495833543350003,312.32706
74.54583231515002,31.495833543350003,218.45483
74.15416565005002,31.48750021005,35.22931
74.16249898335002,31.48750021005,11.876585
74.17083231665002,31.48750021005,41.3497
74.17916564995002,31.48750021005,11.279611
74.20416564985003,31.48750021005,7.837496
74.21249898315003,31.48750021005,16.763554
74.22083231645003,31.48750021005,56.26306
74.22916564975003,31.48750021005,1310.7395
74.23749898305003,31.48750021005,14244.979
74.24583231635002,31.48750021005,7015.4746
74.25416564965002,31.48750021005,23394.535
74.26249898295002,31.48750021005,22082.076
74.27083231625002,31.48750021005,12437.578
74.27916564955002,31.48750021005,7330.0645
74.28749898285002,31.48750021005,9846.219
74.29583231615003,31.48750021005,10157.97
74.30416564945003,31.48750021005,13333.121
74.31249898275003,31.48750021005,23252.592
74.32083231605003,31.48750021005,18219.863
74.32916564935003,31.48750021005,15162.826
74.33749898265002,31.48750021005,19232.537
74.34583231595002,31.48750021005,16146.373
74.35416564925002,31.48750021005,12809.424
74.36249898255002,31.48750021005,21574.225
74.37083231585002,31.48750021005,25853.877
74.37916564915002,31.48750021005,23023.934
74.38749898245003,31.48750021005,26027.887
74.39583231575003,31.48750021005,27469.867
74.40416564905003,31.48750021005,27717.158
74.41249898235003,31.48750021005,24218.174
74.42083231565003,31.48750021005,22503.773
74.42916564895002,31.48750021005,13592.556
74.43749898225002,31.48750021005,533.62085
74.44583231555002,31.48750021005,381.69583
74.45416564885002,31.48750021005,878.2073
74.46249898215002,31.48750021005,2885.4062
74.47083231545002,31.48750021005,5052.4717
74.47916564875003,31.48750021005,7345.711
74.48749898205003,31.48750021005,892.791
74.49583231535003,31.48750021005,2325.4954
74.50416564865003,31.48750021005,1393.4191
74.51249898195003,31.48750021005,410.91797
74.52083231525002,31.48750021005,604.6082
74.52916564855002,31.48750021005,300.45224
74.53749898185002,31.48750021005,157.35574
74.54583231515002,31.48750021005,143.73897
74.15416565005002,31.47916687675,17.226517
74.17916564995002,31.47916687675,9.662783e-21
74.18749898325002,31.47916687675,2.2134046e-11
74.21249898315003,31.47916687675,130.00758
74.22083231645003,31.47916687675,3150.1606
74.22916564975003,31.47916687675,5508.247
74.23749898305003,31.47916687675,17126.332
74.24583231635002,31.47916687675,15377.0
74.25416564965002,31.47916687675,21769.428
74.26249898295002,31.47916687675,11201.156
74.27083231625002,31.47916687675,10572.355
74.27916564955002,31.47916687675,20626.35
74.28749898285002,31.47916687675,17595.879
74.29583231615003,31.47916687675,25862.818
74.30416564945003,31.47916687675,26483.426
74.31249898275003,31.47916687675,22368.773
74.32083231605003,31.47916687675,21822.514
74.32916564935003,31.47916687675,18434.033
74.33749898265002,31.47916687675,21582.838
74.34583231595002,31.47916687675,14024.249
74.35416564925002,31.47916687675,5988.8936
74.36249898255002,31.47916687675,22571.553
74.37083231585002,31.47916687675,21872.174
74.37916564915002,31.47916687675,22364.438
74.38749898245003,31.47916687675,25989.906
74.39583231575003,31.47916687675,27067.855
74.40416564905003,31.47916687675,28039.48
74.41249898235003,31.47916687675,26380.576
74.42083231565003,31.47916687675,20130.797
74.42916564895002,31.47916687675,9332.627
74.43749898225002,31.47916687675,1915.376
74.44583231555002,31.47916687675,2151.8787
74.45416564885002,31.47916687675,8101.0186
74.46249898215002,31.47916687675,7034.968
74.47083231545002,31.47916687675,3442.6558
74.47916564875003,31.47916687675,2968.6382
74.48749898205003,31.47916687675,1391.6501
74.49583231535003,31.47916687675,932.7782
74.50416564865003,31.47916687675,1002.0325
74.51249898195003,31.47916687675,8621.082
74.52083231525002,31.47916687675,840.3736
74.52916564855002,31.47916687675,918.7591
74.53749898185002,31.47916687675,1332.3748
74.54583231515002,31.47916687675,273.70166
74.17083231665002,31.470833543450002,5.3213196
74.17916564995002,31.470833543450002,23.281584
74.18749898325002,31.470833543450002,27.39993
74.19583231655002,31.470833543450002,654.2017
74.20416564985003,31.470833543450002,841.09515
74.21249898315003,31.470833543450002,920.5096
74.22083231645003,31.470833543450002,6521.384
74.22916564975003,31.470833543450002,10034.665
74.23749898305003,31.470833543450002,17239.82
74.24583231635002,31.470833543450002,19631.57
74.25416564965002,31.470833543450002,23737.195
74.26249898295002,31.470833543450002,23526.1
74.27083231625002,31.470833543450002,27934.281
74.27916564955002,31.470833543450002,25620.615
74.28749898285002,31.470833543450002,26744.678
74.29583231615003,31.470833543450002,26862.09
74.30416564945003,31.470833543450002,27665.371
74.31249898275003,31.470833543450002,28051.947
74.32083231605003,31.470833543450002,23132.865
74.32916564935003,31.470833543450002,23085.68
74.33749898265002,31.470833543450002,25896.244
74.34583231595002,31.470833543450002,19840.15
74.35416564925002,31.470833543450002,18274.04
74.36249898255002,31.470833543450002,23230.896
74.37083231585002,31.470833543450002,25632.701
74.37916564915002,31.470833543450002,24364.156
74.38749898245003,31.470833543450002,25322.81
74.39583231575003,31.470833543450002,23680.25
74.40416564905003,31.470833543450002,24675.322
74.41249898235003,31.470833543450002,19280.756
74.42083231565003,31.470833543450002,18742.662
74.42916564895002,31.470833543450002,15832.226
74.43749898225002,31.470833543450002,4957.92
74.44583231555002,31.470833543450002,12348.586
74.45416564885002,31.470833543450002,7812.9517
74.46249898215002,31.470833543450002,6342.054
74.47083231545002,31.470833543450002,3466.7153
74.47916564875003,31.470833543450002,1733.0703
74.48749898205003,31.470833543450002,756.4061
74.49583231535003,31.470833543450002,627.5674
74.50416564865003,31.470833543450002,508.9518
74.51249898195003,31.470833543450002,1288.6635
74.52083231525002,31.470833543450002,1242.7161
74.52916564855002,31.470833543450002,731.0147
74.53749898185002,31.470833543450002,442.69733
74.54583231515002,31.470833543450002,351.28976
74.15416565005002,31.46250021015,14.587475
74.17083231665002,31.46250021015,58.843025
74.17916564995002,31.46250021015,721.8361
74.18749898325002,31.46250021015,429.4578
74.19583231655002,31.46250021015,2356.1033
74.20416564985003,31.46250021015,10599.023
74.21249898315003,31.46250021015,12571.1045
74.22083231645003,31.46250021015,14450.856
74.22916564975003,31.46250021015,9442.512
74.23749898305003,31.46250021015,17508.89
74.24583231635002,31.46250021015,23782.197
74.25416564965002,31.46250021015,22905.236
74.26249898295002,31.46250021015,7773.1694
74.27083231625002,31.46250021015,25291.508
74.27916564955002,31.46250021015,20113.014
74.28749898285002,31.46250021015,19260.963
74.29583231615003,31.46250021015,27575.633
74.30416564945003,31.46250021015,28597.947
74.31249898275003,31.46250021015,27207.033
74.32083231605003,31.46250021015,25217.467
74.32916564935003,31.46250021015,24350.846
74.33749898265002,31.46250021015,22475.768
74.34583231595002,31.46250021015,26496.19
74.35416564925002,31.46250021015,27931.975
74.36249898255002,31.46250021015,26227.264
74.37083231585002,31.46250021015,25278.215
74.37916564915002,31.46250021015,19879.01
74.38749898245003,31.46250021015,25233.252
74.39583231575003,31.46250021015,20707.53
74.40416564905003,31.46250021015,20470.879
74.41249898235003,31.46250021015,20426.545
74.42083231565003,31.46250021015,20627.984
74.42916564895002,31.46250021015,14598.179
74.43749898225002,31.46250021015,15737.936
74.44583231555002,31.46250021015,12068.632
74.45416564885002,31.46250021015,8994.622
74.46249898215002,31.46250021015,5965.548
74.47083231545002,31.46250021015,5239.253
74.47916564875003,31.46250021015,819.7021
74.48749898205003,31.46250021015,621.7561
74.49583231535003,31.46250021015,286.07584
74.50416564865003,31.46250021015,149.08286
74.51249898195003,31.46250021015,394.6788
74.52083231525002,31.46250021015,366.07315
74.52916564855002,31.46250021015,1916.3462
74.53749898185002,31.46250021015,690.9791
74.54583231515002,31.46250021015,681.27765
74.17083231665002,31.454166876850003,3.9599886
74.17916564995002,31.454166876850003,121.06319
74.18749898325002,31.454166876850003,699.534
74.19583231655002,31.454166876850003,1951.3184
74.20416564985003,31.454166876850003,15747.369
74.21249898315003,31.454166876850003,16845.123
74.22083231645003,31.454166876850003,15618.344
74.22916564975003,31.454166876850003,10739.864
74.23749898305003,31.454166876850003,8031.6997
74.24583231635002,31.454166876850003,16147.511
74.25416564965002,31.454166876850003,16254.851
74.26249898295002,31.454166876850003,17930.426
74.27083231625002,31.454166876850003,23255.85
74.27916564955002,31.454166876850003,24627.11
74.28749898285002,31.454166876850003,23610.756
74.29583231615003,31.454166876850003,21727.607
74.30416564945003,31.454166876850003,20137.705
74.31249898275003,31.454166876850003,25598.07
74.32083231605003,31.454166876850003,23927.229
74.32916564935003,31.454166876850003,8618.512
74.33749898265002,31.454166876850003,11119.279
74.34583231595002,31.454166876850003,26828.826
74.35416564925002,31.454166876850003,29567.42
74.36249898255002,31.454166876850003,27597.86
74.37083231585002,31.454166876850003,20132.285
74.37916564915002,31.454166876850003,9273.387
74.38749898245003,31.454166876850003,16988.553
74.39583231575003,31.454166876850003,18352.54
74.40416564905003,31.454166876850003,14277.19
74.41249898235003,31.454166876850003,10900.7705
74.42083231565003,31.454166876850003,3121.1487
74.42916564895002,31.454166876850003,2956.229
74.43749898225002,31.454166876850003,13948.447
74.44583231555002,31.454166876850003,13347.297
74.45416564885002,31.454166876850003,2842.177
74.46249898215002,31.454166876850003,1860.1858
74.47083231545002,31.454166876850003,468.2656
74.47916564875003,31.454166876850003,317.70926
74.48749898205003,31.454166876850003,529.6727
74.49583231535003,31.454166876850003,502.02188
74.50416564865003,31.454166876850003,253.7329
74.51249898195003,31.454166876850003,227.68134
74.52083231525002,31.454166876850003,131.475
74.52916564855002,31.454166876850003,251.8695
74.53749898185002,31.454166876850003,788.0406
74.54583231515002,31.454166876850003,529.3847
74.16249898335002,31.445833543550002,0.10628981
74.17083231665002,31.445833543550002,8.936315
74.17916564995002,31.445833543550002,887.8498
74.18749898325002,31.445833543550002,1558.1757
74.19583231655002,31.445833543550002,4589.5137
74.20416564985003,31.445833543550002,11571.405
74.21249898315003,31.445833543550002,13619.172
74.22083231645003,31.445833543550002,5564.0503
74.22916564975003,31.445833543550002,2275.8987
74.23749898305003,31.445833543550002,4637.341
74.24583231635002,31.445833543550002,8036.8604
74.25416564965002,31.445833543550002,17494.504
74.26249898295002,31.445833543550002,22227.205
74.27083231625002,31.445833543550002,21976.959
74.27916564955002,31.445833543550002,25619.426
74.28749898285002,31.445833543550002,24766.562
74.29583231615003,31.445833543550002,25180.207
74.30416564945003,31.445833543550002,22630.723
74.31249898275003,31.445833543550002,20888.973
74.32083231605003,31.445833543550002,17825.262
74.32916564935003,31.445833543550002,7456.8
74.33749898265002,31.445833543550002,11323.963
74.34583231595002,31.445833543550002,28425.205
74.35416564925002,31.445833543550002,25882.707
74.36249898255002,31.445833543550002,24101.578
74.37083231585002,31.445833543550002,10975.774
74.37916564915002,31.445833543550002,5639.681
74.38749898245003,31.445833543550002,15833.558
74.39583231575003,31.445833543550002,16414.598
74.40416564905003,31.445833543550002,11658.754
74.41249898235003,31.445833543550002,3645.8716
74.42083231565003,31.445833543550002,1809.0206
74.42916564895002,31.445833543550002,7118.367
74.43749898225002,31.445833543550002,6320.432
74.44583231555002,31.445833543550002,934.606
74.45416564885002,31.445833543550002,2157.8948
74.46249898215002,31.445833543550002,2120.7903
74.47083231545002,31.445833543550002,2820.2017
74.47916564875003,31.445833543550002,369.98553
74.48749898205003,31.445833543550002,355.8663
74.49583231535003,31.445833543550002,378.64627
74.50416564865003,31.445833543550002,96.104126
74.51249898195003,31.445833543550002,283.80356
74.52083231525002,31.445833543550002,1066.2236
74.52916564855002,31.445833543550002,1659.4624
74.53749898185002,31.445833543550002,259.07153
74.54583231515002,31.445833543550002,234.6933
74.15416565005002,31.43750021025,37.370018
74.16249898335002,31.43750021025,36.72584
74.17083231665002,31.43750021025,3258.6868
74.17916564995002,31.43750021025,9028.491
74.18749898325002,31.43750021025,7101.7705
74.19583231655002,31.43750021025,6134.7593
74.20416564985003,31.43750021025,11918.883
74.21249898315003,31.43750021025,12782.313
74.22083231645003,31.43750021025,5152.32
74.22916564975003,31.43750021025,3609.9294
74.23749898305003,31.43750021025,5295.941
74.24583231635002,31.43750021025,3378.5894
74.25416564965002,31.43750021025,11237.893
74.26249898295002,31.43750021025,19844.531
74.27083231625002,31.43750021025,24546.094
74.27916564955002,31.43750021025,19637.646
74.28749898285002,31.43750021025,22564.537
74.29583231615003,31.43750021025,24841.486
74.30416564945003,31.43750021025,26031.719
74.31249898275003,31.43750021025,25406.166
74.32083231605003,31.43750021025,15239.83
74.32916564935003,31.43750021025,4149.5015
74.33749898265002,31.43750021025,8251.39
74.34583231595002,31.43750021025,22895.514
74.35416564925002,31.43750021025,26745.467
74.36249898255002,31.43750021025,24621.09
74.37083231585002,31.43750021025,14593.543
74.37916564915002,31.43750021025,6073.665
74.38749898245003,31.43750021025,4111.589
74.39583231575003,31.43750021025,3409.4307
74.40416564905003,31.43750021025,5580.275
74.41249898235003,31.43750021025,953.9012
74.42083231565003,31.43750021025,2497.7812
74.42916564895002,31.43750021025,2273.3394
74.43749898225002,31.43750021025,1097.8396
74.44583231555002,31.43750021025,749.8387
74.45416564885002,31.43750021025,2423.9011
74.46249898215002,31.43750021025,3271.6165
74.47083231545002,31.43750021025,3548.5586
74.47916564875003,31.43750021025,988.1185
74.48749898205003,31.43750021025,522.3647
74.49583231535003,31.43750021025,5419.251
74.50416564865003,31.43750021025,344.50797
74.51249898195003,31.43750021025,190.7933
74.52083231525002,31.43750021025,965.9627
74.52916564855002,31.43750021025,260.0376
74.53749898185002,31.43750021025,412.72073
74.54583231515002,31.43750021025,2962.0042
74.15416565005002,31.429166876950003,66.71891
74.16249898335002,31.429166876950003,684.0008
74.17083231665002,31.429166876950003,10407.539
74.17916564995002,31.429166876950003,13301.918
74.18749898325002,31.429166876950003,7319.949
74.19583231655002,31.429166876950003,6154.454
74.20416564985003,31.429166876950003,9540.594
74.21249898315003,31.429166876950003,12196.285
74.22083231645003,31.429166876950003,3216.8027
74.22916564975003,31.429166876950003,5228.3145
74.23749898305003,31.429166876950003,6071.1875
74.24583231635002,31.429166876950003,9354.323
74.25416564965002,31.429166876950003,18856.299
74.26249898295002,31.429166876950003,21263.041
74.27083231625002,31.429166876950003,21314.396
74.27916564955002,31.429166876950003,19135.49
74.28749898285002,31.429166876950003,22229.682
74.29583231615003,31.429166876950003,25796.123
74.30416564945003,31.429166876950003,20054.23
74.31249898275003,31.429166876950003,6200.4106
74.32083231605003,31.429166876950003,7618.3794
74.32916564935003,31.429166876950003,8323.921
74.33749898265002,31.429166876950003,13764.564
74.34583231595002,31.429166876950003,17661.604
74.35416564925002,31.429166876950003,16133.572
74.36249898255002,31.429166876950003,21318.084
74.37083231585002,31.429166876950003,19442.967
74.37916564915002,31.429166876950003,3242.3398
74.38749898245003,31.429166876950003,2647.2998
74.39583231575003,31.429166876950003,16.299276
74.40416564905003,31.429166876950003,12.950999
74.41249898235003,31.429166876950003,723.63007
74.42083231565003,31.429166876950003,451.22946
74.42916564895002,31.429166876950003,63.35258
74.43749898225002,31.429166876950003,118.94479
74.44583231555002,31.429166876950003,124.47442
74.45416564885002,31.429166876950003,557.13153
74.46249898215002,31.429166876950003,1818.0288
74.47083231545002,31.429166876950003,2003.9572
74.47916564875003,31.429166876950003,2195.394
74.48749898205003,31.429166876950003,1774.1019
74.49583231535003,31.429166876950003,3549.288
74.50416564865003,31.429166876950003,361.51672
74.51249898195003,31.429166876950003,49.197666
74.52083231525002,31.429166876950003,3039.7417
74.52916564855002,31.429166876950003,313.36783
74.53749898185002,31.429166876950003,1065.0802
74.54583231515002,31.429166876950003,45.121796
74.15416565005002,31.42083354365,3965.47
74.16249898335002,31.42083354365,1986.9268
74.17083231665002,31.42083354365,5585.4287
74.17916564995002,31.42083354365,8073.9336
74.18749898325002,31.42083354365,8678.022
74.19583231655002,31.42083354365,4877.308
74.20416564985003,31.42083354365,1640.3308
74.21249898315003,31.42083354365,1819.6299
74.22083231645003,31.42083354365,4036.1052
74.22916564975003,31.42083354365,5627.3813
74.23749898305003,31.42083354365,5349.0234
74.24583231635002,31.42083354365,6682.12
74.25416564965002,31.42083354365,14844.888
74.26249898295002,31.42083354365,20699.96
74.27083231625002,31.42083354365,21462.037
74.27916564955002,31.42083354365,18156.48
74.28749898285002,31.42083354365,18240.473
74.29583231615003,31.42083354365,17182.715
74.30416564945003,31.42083354365,8719.878
74.31249898275003,31.42083354365,189.1709
74.32083231605003,31.42083354365,2308.0193
74.32916564935003,31.42083354365,7268.4575
74.33749898265002,31.42083354365,6110.951
74.34583231595002,31.42083354365,6451.081
74.35416564925002,31.42083354365,12846.807
74.36249898255002,31.42083354365,19923.955
74.37083231585002,31.42083354365,15031.718
74.37916564915002,31.42083354365,4306.313
74.38749898245003,31.42083354365,434.23196
74.39583231575003,31.42083354365,136.60071
74.40416564905003,31.42083354365,385.4216
74.41249898235003,31.42083354365,3602.8884
74.42083231565003,31.42083354365,880.9821
74.42916564895002,31.42083354365,229.73541
74.43749898225002,31.42083354365,1141.4125
74.44583231555002,31.42083354365,294.27765
74.45416564885002,31.42083354365,1514.3362
74.46249898215002,31.42083354365,3500.2646
74.47083231545002,31.42083354365,1412.1177
74.47916564875003,31.42083354365,2710.8784
74.48749898205003,31.42083354365,2621.3833
74.49583231535003,31.42083354365,630.29236
74.50416564865003,31.42083354365,247.45268
74.51249898195003,31.42083354365,165.58409
74.52083231525002,31.42083354365,57.067127
74.52916564855002,31.42083354365,69.69289
74.53749898185002,31.42083354365,100.3354
74.54583231515002,31.42083354365,157.18542
74.15416565005002,31.41250021035,1306.0422
74.16249898335002,31.41250021035,6643.042
74.17083231665002,31.41250021035,3461.6917
74.17916564995002,31.41250021035,7598.3994
74.18749898325002,31.41250021035,6953.182
74.19583231655002,31.41250021035,1966.5867
74.20416564985003,31.41250021035,964.8066
74.21249898315003,31.41250021035,2507.8308
74.22083231645003,31.41250021035,9622.172
74.22916564975003,31.41250021035,10464.759
74.23749898305003,31.41250021035,6341.5513
74.24583231635002,31.41250021035,3997.6887
74.25416564965002,31.41250021035,14800.354
74.26249898295002,31.41250021035,18416.41
74.27083231625002,31.41250021035,17309.578
74.27916564955002,31.41250021035,5977.516
74.28749898285002,31.41250021035,3217.9407
74.29583231615003,31.41250021035,1273.2417
74.30416564945003,31.41250021035,655.0906
74.31249898275003,31.41250021035,187.31075
74.32083231605003,31.41250021035,2783.1206
74.32916564935003,31.41250021035,6288.2397
74.33749898265002,31.41250021035,2052.9358
74.34583231595002,31.41250021035,3534.2168
74.35416564925002,31.41250021035,18085.068
74.36249898255002,31.41250021035,20989.852
74.37083231585002,31.41250021035,17064.611
74.37916564915002,31.41250021035,1708.2012
74.38749898245003,31.41250021035,1489.1052
74.39583231575003,31.41250021035,3320.579
74.40416564905003,31.41250021035,127.744446
74.41249898235003,31.41250021035,278.11325
74.42083231565003,31.41250021035,462.77487
74.42916564895002,31.41250021035,1174.8792
74.43749898225002,31.41250021035,2811.6675
74.44583231555002,31.41250021035,357.91306
74.45416564885002,31.41250021035,789.73975
74.46249898215002,31.41250021035,1092.3945
74.47083231545002,31.41250021035,1154.401
74.47916564875003,31.41250021035,1433.2617
74.48749898205003,31.41250021035,10630.809
74.49583231535003,31.41250021035,1561.0858
74.50416564865003,31.41250021035,596.1902
74.51249898195003,31.41250021035,593.8273
74.52083231525002,31.41250021035,228.63234
74.52916564855002,31.41250021035,28.171824
74.53749898185002,31.41250021035,195.56375
74.54583231515002,31.41250021035,159.80643
74.15416565005002,31.404166877050002,2867.6667
74.16249898335002,31.404166877050002,13692.812
74.17083231665002,31.404166877050002,5593.1123
74.17916564995002,31.404166877050002,4492.695
74.18749898325002,31.404166877050002,4766.097
74.19583231655002,31.404166877050002,4671.229
74.20416564985003,31.404166877050002,2643.1038
74.21249898315003,31.404166877050002,3188.773
74.22083231645003,31.404166877050002,2771.0017
74.22916564975003,31.404166877050002,10583.218
74.23749898305003,31.404166877050002,4693.1035
74.24583231635002,31.404166877050002,1873.4827
74.25416564965002,31.404166877050002,14082.71
74.26249898295002,31.404166877050002,16921.07
74.27083231625002,31.404166877050002,11420.466
74.27916564955002,31.404166877050002,3702.6814
74.28749898285002,31.404166877050002,2424.8008
74.29583231615003,31.404166877050002,1727.1328
74.30416564945003,31.404166877050002,3760.0603
74.31249898275003,31.404166877050002,325.75412
74.32083231605003,31.404166877050002,19.72537
74.32916564935003,31.404166877050002,122.63551
74.33749898265002,31.404166877050002,127.8234
74.34583231595002,31.404166877050002,1776.7854
74.35416564925002,31.404166877050002,11581.414
74.36249898255002,31.404166877050002,18562.74
74.37083231585002,31.404166877050002,11209.027
74.37916564915002,31.404166877050002,2081.5835
74.38749898245003,31.404166877050002,2926.3223
74.39583231575003,31.404166877050002,1471.3354
74.40416564905003,31.404166877050002,1668.1917
74.41249898235003,31.404166877050002,3837.0737
74.42083231565003,31.404166877050002,2087.2642
74.42916564895002,31.404166877050002,374.52316
74.43749898225002,31.404166877050002,343.78525
74.44583231555002,31.404166877050002,420.82886
74.45416564885002,31.404166877050002,1834.3134
74.46249898215002,31.404166877050002,524.6771
74.47083231545002,31.404166877050002,276.0782
74.47916564875003,31.404166877050002,1338.8239
74.48749898205003,31.404166877050002,8063.4243
74.49583231535003,31.404166877050002,2488.9873
74.50416564865003,31.404166877050002,138.5406
74.51249898195003,31.404166877050002,111.21883
74.52083231525002,31.404166877050002,153.68083
74.52916564855002,31.404166877050002,10.235896
74.53749898185002,31.404166877050002,124.65365
74.54583231515002,31.404166877050002,152.8512
74.15416565005002,31.39583354375,7878.6133
74.16249898335002,31.39583354375,6570.783
74.17083231665002,31.39583354375,6303.6094
74.17916564995002,31.39583354375,3553.8445
74.18749898325002,31.39583354375,3025.6628
74.19583231655002,31.39583354375,3162.242
74.20416564985003,31.39583354375,1744.6362
74.21249898315003,31.39583354375,4127.777
74.22083231645003,31.39583354375,4185.338
74.22916564975003,31.39583354375,3666.0547
74.23749898305003,31.39583354375,4274.323
74.24583231635002,31.39583354375,3317.26
74.25416564965002,31.39583354375,14188.995
74.26249898295002,31.39583354375,11789.477
74.27083231625002,31.39583354375,7312.0317
74.27916564955002,31.39583354375,3980.5942
74.28749898285002,31.39583354375,2768.585
74.29583231615003,31.39583354375,1752.7334
74.30416564945003,31.39583354375,7385.3276
74.31249898275003,31.39583354375,3603.736
74.32083231605003,31.39583354375,1962.5269
74.32916564935003,31.39583354375,4292.8955
74.33749898265002,31.39583354375,1025.7767
74.34583231595002,31.39583354375,1217.7213
74.35416564925002,31.39583354375,9370.488
74.36249898255002,31.39583354375,10469.875
74.37083231585002,31.39583354375,7071.12
74.37916564915002,31.39583354375,1803.2667
74.38749898245003,31.39583354375,2726.1719
74.39583231575003,31.39583354375,1503.2716
74.40416564905003,31.39583354375,636.0533
74.41249898235003,31.39583354375,5063.633
74.42083231565003,31.39583354375,1435.3915
74.42916564895002,31.39583354375,1832.7781
74.43749898225002,31.39583354375,1112.4105
74.44583231555002,31.39583354375,1158.8219
74.45416564885002,31.39583354375,882.91895
74.46249898215002,31.39583354375,311.11417
74.47083231545002,31.39583354375,350.73718
74.47916564875003,31.39583354375,643.8313
74.48749898205003,31.39583354375,130.88855
74.49583231535003,31.39583354375,1512.1985
74.50416564865003,31.39583354375,257.68665
74.51249898195003,31.39583354375,206.86934
74.52083231525002,31.39583354375,187.52792
74.52916564855002,31.39583354375,665.8825
74.53749898185002,31.39583354375,2871.58
74.54583231515002,31.39583354375,85.222435
74.15416565005002,31.387500210450003,10246.894
74.16249898335002,31.387500210450003,8009.8604
74.17083231665002,31.387500210450003,3555.6387
74.17916564995002,31.387500210450003,5866.627
74.18749898325002,31.387500210450003,15784.419
74.19583231655002,31.387500210450003,15517.462
74.20416564985003,31.387500210450003,1021.6806
74.21249898315003,31.387500210450003,367.8563
74.22083231645003,31.387500210450003,958.03015
74.22916564975003,31.387500210450003,3972.4849
74.23749898305003,31.387500210450003,4271.505
74.24583231635002,31.387500210450003,2464.475
74.25416564965002,31.387500210450003,2856.3108
74.26249898295002,31.387500210450003,2889.9194
74.27083231625002,31.387500210450003,1954.2054
74.27916564955002,31.387500210450003,4143.8325
74.28749898285002,31.387500210450003,1248.53
74.29583231615003,31.387500210450003,483.03198
74.30416564945003,31.387500210450003,1926.0682
74.31249898275003,31.387500210450003,1462.5723
74.32083231605003,31.387500210450003,10097.726
74.32916564935003,31.387500210450003,4194.7964
74.33749898265002,31.387500210450003,3967.586
74.34583231595002,31.387500210450003,3135.0225
74.35416564925002,31.387500210450003,3592.0322
74.36249898255002,31.387500210450003,18240.975
74.37083231585002,31.387500210450003,3321.1687
74.37916564915002,31.387500210450003,1646.281
74.38749898245003,31.387500210450003,545.11914
74.39583231575003,31.387500210450003,183.30463
74.40416564905003,31.387500210450003,1175.914
74.41249898235003,31.387500210450003,1329.6847
74.42083231565003,31.387500210450003,321.38013
74.42916564895002,31.387500210450003,42.19428
74.43749898225002,31.387500210450003,134.69456
74.44583231555002,31.387500210450003,428.15634
74.45416564885002,31.387500210450003,98.13344
74.46249898215002,31.387500210450003,1345.6711
74.47083231545002,31.387500210450003,649.37213
74.47916564875003,31.387500210450003,779.40173
74.48749898205003,31.387500210450003,10.671417
74.49583231535003,31.387500210450003,638.65796
74.50416564865003,31.387500210450003,61.16866
74.51249898195003,31.387500210450003,971.09814
74.52083231525002,31.387500210450003,699.3185
74.52916564855002,31.387500210450003,100.21249
74.53749898185002,31.387500210450003,391.89352
74.54583231515002,31.387500210450003,263.77243
74.15416565005002,31.379166877150002,3288.5132
74.16249898335002,31.379166877150002,1666.8802
74.17083231665002,31.379166877150002,9745.615
74.17916564995002,31.379166877150002,12570.1455
74.18749898325002,31.379166877150002,16199.953
74.19583231655002,31.379166877150002,15654.369
74.20416564985003,31.379166877150002,1839.8313
74.21249898315003,31.379166877150002,675.3611
74.22083231645003,31.379166877150002,1048.0106
74.22916564975003,31.379166877150002,5323.65
74.23749898305003,31.379166877150002,1309.5696
74.24583231635002,31.379166877150002,751.15497
74.25416564965002,31.379166877150002,4442.903
74.26249898295002,31.379166877150002,3714.0286
74.27083231625002,31.379166877150002,1436.7886
74.27916564955002,31.379166877150002,859.6976
74.28749898285002,31.379166877150002,445.64258
74.29583231615003,31.379166877150002,1006.1005
74.30416564945003,31.379166877150002,661.66693
74.31249898275003,31.379166877150002,372.6214
74.32083231605003,31.379166877150002,1036.4318
74.32916564935003,31.379166877150002,953.72015
74.33749898265002,31.379166877150002,3035.3728
74.34583231595002,31.379166877150002,1094.8066
74.35416564925002,31.379166877150002,10239.747
74.36249898255002,31.379166877150002,18048.352
74.37083231585002,31.379166877150002,10238.885
74.37916564915002,31.379166877150002,2480.8103
74.38749898245003,31.379166877150002,1755.3297
74.39583231575003,31.379166877150002,352.34616
74.40416564905003,31.379166877150002,1061.9512
74.41249898235003,31.379166877150002,453.21524
74.42083231565003,31.379166877150002,78.79083
74.42916564895002,31.379166877150002,74.97255
74.43749898225002,31.379166877150002,112.40159
74.44583231555002,31.379166877150002,323.89032
74.45416564885002,31.379166877150002,664.7034
74.46249898215002,31.379166877150002,327.76648
74.47083231545002,31.379166877150002,387.4474
74.47916564875003,31.379166877150002,285.6217
74.48749898205003,31.379166877150002,116.05425
74.49583231535003,31.379166877150002,57.087433
74.50416564865003,31.379166877150002,161.7055
74.51249898195003,31.379166877150002,85.66577
74.52083231525002,31.379166877150002,121.09299
74.52916564855002,31.379166877150002,95.2459
74.53749898185002,31.379166877150002,104.268524
74.54583231515002,31.379166877150002,171.1199
74.15416565005002,31.37083354385,1895.4865
74.16249898335002,31.37083354385,3241.1145
74.17083231665002,31.37083354385,4856.911
74.17916564995002,31.37083354385,13998.395
74.18749898325002,31.37083354385,12419.653
74.19583231655002,31.37083354385,5291.7417
74.20416564985003,31.37083354385,845.8312
74.21249898315003,31.37083354385,694.12195
74.22083231645003,31.37083354385,277.11563
74.22916564975003,31.37083354385,2908.4377
74.23749898305003,31.37083354385,1292.6934
74.24583231635002,31.37083354385,1319.2515
74.25416564965002,31.37083354385,946.45496
74.26249898295002,31.37083354385,748.70795
74.27083231625002,31.37083354385,461.96454
74.27916564955002,31.37083354385,2933.9214
74.28749898285002,31.37083354385,7290.9097
74.29583231615003,31.37083354385,385.19226
74.30416564945003,31.37083354385,82.029785
74.31249898275003,31.37083354385,1732.1302
74.32083231605003,31.37083354385,646.8555
74.32916564935003,31.37083354385,79.5391
74.33749898265002,31.37083354385,472.24432
74.34583231595002,31.37083354385,3472.782
74.35416564925002,31.37083354385,12472.41
74.36249898255002,31.37083354385,15337.338
74.37083231585002,31.37083354385,15312.177
74.37916564915002,31.37083354385,7132.3125
74.38749898245003,31.37083354385,1390.1831
74.39583231575003,31.37083354385,159.0157
74.40416564905003,31.37083354385,57.754868
74.41249898235003,31.37083354385,406.71918
74.42083231565003,31.37083354385,257.58295
74.42916564895002,31.37083354385,325.85837
74.43749898225002,31.37083354385,179.12738
74.44583231555002,31.37083354385,41.14422
74.45416564885002,31.37083354385,159.97363
74.46249898215002,31.37083354385,534.7339
74.47083231545002,31.37083354385,4893.292
74.47916564875003,31.37083354385,571.81226
74.48749898205003,31.37083354385,1226.2504
74.49583231535003,31.37083354385,699.63226
74.50416564865003,31.37083354385,1138.65
74.51249898195003,31.37083354385,697.0894
74.52083231525002,31.37083354385,1095.8187
74.52916564855002,31.37083354385,668.8985
74.53749898185002,31.37083354385,113.851974
74.54583231515002,31.37083354385,95.89836
74.15416565005002,31.362500210550003,228.85841
74.16249898335002,31.362500210550003,1225.8942
74.17083231665002,31.362500210550003,446.863
74.17916564995002,31.362500210550003,1924.8401
74.18749898325002,31.362500210550003,2999.5225
74.19583231655002,31.362500210550003,759.9234
74.20416564985003,31.362500210550003,1657.9473
74.21249898315003,31.362500210550003,2290.5942
74.22083231645003,31.362500210550003,1672.4635
74.22916564975003,31.362500210550003,1984.2633
74.23749898305003,31.362500210550003,4011.9705
74.24583231635002,31.362500210550003,4980.962
74.25416564965002,31.362500210550003,1098.9406
74.26249898295002,31.362500210550003,432.01627
74.27083231625002,31.362500210550003,809.38464
74.27916564955002,31.362500210550003,820.59015
74.28749898285002,31.362500210550003,806.07355
74.29583231615003,31.362500210550003,273.0605
74.30416564945003,31.362500210550003,1721.9801
74.31249898275003,31.362500210550003,754.00354
74.32083231605003,31.362500210550003,113.31556
74.32916564935003,31.362500210550003,584.7831
74.33749898265002,31.362500210550003,1227.8604
74.34583231595002,31.362500210550003,1713.2908
74.35416564925002,31.362500210550003,757.1946
74.36249898255002,31.362500210550003,2821.837
74.37083231585002,31.362500210550003,14884.435
74.37916564915002,31.362500210550003,3757.8865
74.38749898245003,31.362500210550003,921.51843
74.39583231575003,31.362500210550003,1232.4227
74.40416564905003,31.362500210550003,410.02756
74.41249898235003,31.362500210550003,421.06842
74.42083231565003,31.362500210550003,501.85422
74.42916564895002,31.362500210550003,3449.4573
74.43749898225002,31.362500210550003,1240.2402
74.44583231555002,31.362500210550003,394.20944
74.45416564885002,31.362500210550003,331.9291
74.46249898215002,31.362500210550003,362.3557
74.47083231545002,31.362500210550003,609.67267
74.47916564875003,31.362500210550003,252.87285
74.48749898205003,31.362500210550003,364.31635
74.49583231535003,31.362500210550003,1035.6942
74.50416564865003,31.362500210550003,998.6353
74.51249898195003,31.362500210550003,256.20444
74.52083231525002,31.362500210550003,165.89413
74.52916564855002,31.362500210550003,1163.6503
74.53749898185002,31.362500210550003,98.584755
74.54583231515002,31.362500210550003,3.8176048
74.15416565005002,31.35416687725,5.653315
74.16249898335002,31.35416687725,90.10409
74.17083231665002,31.35416687725,1135.5438
74.17916564995002,31.35416687725,1726.3533
74.18749898325002,31.35416687725,2460.4688
74.19583231655002,31.35416687725,254.65732
74.20416564985003,31.35416687725,1125.2933
74.21249898315003,31.35416687725,819.892
74.22083231645003,31.35416687725,805.1825
74.22916564975003,31.35416687725,1908.6635
74.23749898305003,31.35416687725,2160.9182
74.24583231635002,31.35416687725,7778.2827
74.25416564965002,31.35416687725,1493.6199
74.26249898295002,31.35416687725,333.3282
74.27083231625002,31.35416687725,93.84212
74.27916564955002,31.35416687725,645.42035
74.28749898285002,31.35416687725,949.2732
74.29583231615003,31.35416687725,17.927782
74.30416564945003,31.35416687725,34.537136
74.31249898275003,31.35416687725,48.347782
74.32083231605003,31.35416687725,145.7035
74.32916564935003,31.35416687725,752.95435
74.33749898265002,31.35416687725,900.38745
74.34583231595002,31.35416687725,136.80746
74.35416564925002,31.35416687725,207.7172
74.36249898255002,31.35416687725,766.74835
74.37083231585002,31.35416687725,9762.882
74.37916564915002,31.35416687725,5871.3916
74.38749898245003,31.35416687725,1550.9052
74.39583231575003,31.35416687725,4489.8066
74.40416564905003,31.35416687725,553.21014
74.41249898235003,31.35416687725,38.3401
74.42083231565003,31.35416687725,84.622215
74.42916564895002,31.35416687725,235.79922
74.43749898225002,31.35416687725,433.7976
74.44583231555002,31.35416687725,1235.909
74.45416564885002,31.35416687725,230.74075
74.46249898215002,31.35416687725,3383.3853
74.47083231545002,31.35416687725,1585.6998
74.47916564875003,31.35416687725,195.46599
74.48749898205003,31.35416687725,1072.5427
74.49583231535003,31.35416687725,1418.6102
74.50416564865003,31.35416687725,1475.5148
74.51249898195003,31.35416687725,440.42465
74.52083231525002,31.35416687725,637.0749
74.52916564855002,31.35416687725,4186.6636
74.53749898185002,31.35416687725,201.80989
74.54583231515002,31.35416687725,83.979485
